--
-- PostgreSQL database dump
--

\restrict wJBccDZlPlF3aCDVb8a1u377rVEUXBEtMubS4zBIspPCJbBU2qpExbwEXSOd9Zr

-- Dumped from database version 18.1
-- Dumped by pg_dump version 18.1

SET statement_timeout = 0;
SET lock_timeout = 0;
SET idle_in_transaction_session_timeout = 0;
SET transaction_timeout = 0;
SET client_encoding = 'UTF8';
SET standard_conforming_strings = on;
SELECT pg_catalog.set_config('search_path', '', false);
SET check_function_bodies = false;
SET xmloption = content;
SET client_min_messages = warning;
SET row_security = off;

--
-- Name: uuid-ossp; Type: EXTENSION; Schema: -; Owner: -
--

CREATE EXTENSION IF NOT EXISTS "uuid-ossp" WITH SCHEMA public;


--
-- Name: EXTENSION "uuid-ossp"; Type: COMMENT; Schema: -; Owner: -
--

COMMENT ON EXTENSION "uuid-ossp" IS 'generate universally unique identifiers (UUIDs)';


--
-- Name: account_set_updated_at(); Type: FUNCTION; Schema: public; Owner: -
--

CREATE FUNCTION public.account_set_updated_at() RETURNS trigger
    LANGUAGE plpgsql
    AS $$
BEGIN
    NEW.updated_at = now();
    RETURN NEW;
END;
$$;


--
-- Name: ledger_prevent_update_delete(); Type: FUNCTION; Schema: public; Owner: -
--

CREATE FUNCTION public.ledger_prevent_update_delete() RETURNS trigger
    LANGUAGE plpgsql
    AS $$
BEGIN
    RAISE EXCEPTION 'ledger_entry is immutable. UPDATE/DELETE not allowed.';
    RETURN NULL;
END;
$$;


--
-- Name: prevent_ledger_delete(); Type: FUNCTION; Schema: public; Owner: -
--

CREATE FUNCTION public.prevent_ledger_delete() RETURNS trigger
    LANGUAGE plpgsql
    AS $$
BEGIN
    RAISE EXCEPTION 'Ledger entries cannot be deleted (audit trail protection)';
END;
$$;


--
-- Name: prevent_ledger_modification(); Type: FUNCTION; Schema: public; Owner: -
--

CREATE FUNCTION public.prevent_ledger_modification() RETURNS trigger
    LANGUAGE plpgsql
    AS $$
BEGIN
    RAISE EXCEPTION 'Ledger entries are immutable!';
    RETURN NULL;
END;
$$;


--
-- Name: prevent_ledger_update(); Type: FUNCTION; Schema: public; Owner: -
--

CREATE FUNCTION public.prevent_ledger_update() RETURNS trigger
    LANGUAGE plpgsql
    AS $$
BEGIN
    RAISE EXCEPTION 'Ledger entries cannot be updated (immutable history)';
END;
$$;


--
-- Name: prevent_ledger_update_delete(); Type: FUNCTION; Schema: public; Owner: -
--

CREATE FUNCTION public.prevent_ledger_update_delete() RETURNS trigger
    LANGUAGE plpgsql
    AS $$
BEGIN
    RAISE EXCEPTION 'Ledger rows cannot be updated or deleted!';
END;
$$;


--
-- Name: update_account_balance(); Type: FUNCTION; Schema: public; Owner: -
--

CREATE FUNCTION public.update_account_balance() RETURNS trigger
    LANGUAGE plpgsql
    AS $$
BEGIN
    IF NEW.entry_type = 'DEBIT' THEN
        UPDATE account
        SET balance = balance - NEW.amount
        WHERE account_id = NEW.account_id;

        UPDATE account
        SET balance = balance + NEW.amount
        WHERE account_id = NEW.related_account_id;

    ELSIF NEW.entry_type = 'CREDIT' THEN
        UPDATE account
        SET balance = balance + NEW.amount
        WHERE account_id = NEW.account_id;

        UPDATE account
        SET balance = balance - NEW.amount
        WHERE account_id = NEW.related_account_id;
    END IF;

    RETURN NEW;
END;
$$;


SET default_tablespace = '';

SET default_table_access_method = heap;

--
-- Name: account; Type: TABLE; Schema: public; Owner: -
--

CREATE TABLE public.account (
    account_id bigint NOT NULL,
    owner_user_id bigint NOT NULL,
    currency character varying(3) DEFAULT 'USD'::character varying NOT NULL,
    balance numeric(30,8) DEFAULT 0 NOT NULL,
    created_at timestamp with time zone DEFAULT now() NOT NULL,
    updated_at timestamp with time zone DEFAULT now() NOT NULL
);


--
-- Name: account_account_id_seq; Type: SEQUENCE; Schema: public; Owner: -
--

CREATE SEQUENCE public.account_account_id_seq
    START WITH 1
    INCREMENT BY 1
    NO MINVALUE
    NO MAXVALUE
    CACHE 1;


--
-- Name: account_account_id_seq; Type: SEQUENCE OWNED BY; Schema: public; Owner: -
--

ALTER SEQUENCE public.account_account_id_seq OWNED BY public.account.account_id;


--
-- Name: audit_log; Type: TABLE; Schema: public; Owner: -
--

CREATE TABLE public.audit_log (
    id bigint NOT NULL,
    action character varying(255),
    created_at timestamp(6) without time zone,
    ip_address character varying(255),
    method_name character varying(255),
    parameters text,
    return_value text,
    user_id bigint
);


--
-- Name: audit_log_id_seq; Type: SEQUENCE; Schema: public; Owner: -
--

ALTER TABLE public.audit_log ALTER COLUMN id ADD GENERATED BY DEFAULT AS IDENTITY (
    SEQUENCE NAME public.audit_log_id_seq
    START WITH 1
    INCREMENT BY 1
    NO MINVALUE
    NO MAXVALUE
    CACHE 1
);


--
-- Name: ledger_entry; Type: TABLE; Schema: public; Owner: -
--

CREATE TABLE public.ledger_entry (
    ledger_id bigint NOT NULL,
    transaction_id uuid DEFAULT public.uuid_generate_v4() NOT NULL,
    entry_timestamp timestamp with time zone DEFAULT now() NOT NULL,
    account_id bigint NOT NULL,
    related_account_id bigint,
    entry_type character varying(10) NOT NULL,
    amount numeric(30,8) NOT NULL,
    currency character varying(3) DEFAULT 'USD'::character varying NOT NULL,
    description text,
    created_by bigint,
    CONSTRAINT ledger_entry_amount_check CHECK ((amount > (0)::numeric)),
    CONSTRAINT ledger_entry_entry_type_check CHECK (((entry_type)::text = ANY ((ARRAY['DEBIT'::character varying, 'CREDIT'::character varying])::text[]))),
    CONSTRAINT ledger_entry_type_check CHECK (((entry_type)::text = ANY ((ARRAY['DEBIT'::character varying, 'CREDIT'::character varying])::text[])))
);


--
-- Name: ledger_entry_ledger_id_seq; Type: SEQUENCE; Schema: public; Owner: -
--

CREATE SEQUENCE public.ledger_entry_ledger_id_seq
    START WITH 1
    INCREMENT BY 1
    NO MINVALUE
    NO MAXVALUE
    CACHE 1;


--
-- Name: ledger_entry_ledger_id_seq; Type: SEQUENCE OWNED BY; Schema: public; Owner: -
--

ALTER SEQUENCE public.ledger_entry_ledger_id_seq OWNED BY public.ledger_entry.ledger_id;


--
-- Name: pending_transaction; Type: TABLE; Schema: public; Owner: -
--

CREATE TABLE public.pending_transaction (
    id bigint NOT NULL,
    amount numeric(30,8) NOT NULL,
    expiry_time timestamp(6) with time zone,
    from_account_id bigint,
    otp character varying(6) NOT NULL,
    performed_by_user_id bigint,
    to_account_id bigint,
    transaction_id uuid NOT NULL,
    verified boolean NOT NULL
);


--
-- Name: pending_transaction_id_seq; Type: SEQUENCE; Schema: public; Owner: -
--

ALTER TABLE public.pending_transaction ALTER COLUMN id ADD GENERATED BY DEFAULT AS IDENTITY (
    SEQUENCE NAME public.pending_transaction_id_seq
    START WITH 1
    INCREMENT BY 1
    NO MINVALUE
    NO MAXVALUE
    CACHE 1
);


--
-- Name: portfolio; Type: TABLE; Schema: public; Owner: -
--

CREATE TABLE public.portfolio (
    id uuid NOT NULL,
    buy_price numeric(38,2),
    quantity integer NOT NULL,
    stock_symbol character varying(255),
    user_id character varying(255)
);


--
-- Name: users; Type: TABLE; Schema: public; Owner: -
--

CREATE TABLE public.users (
    id bigint NOT NULL,
    email character varying(255),
    password character varying(255)
);


--
-- Name: users_id_seq; Type: SEQUENCE; Schema: public; Owner: -
--

ALTER TABLE public.users ALTER COLUMN id ADD GENERATED BY DEFAULT AS IDENTITY (
    SEQUENCE NAME public.users_id_seq
    START WITH 1
    INCREMENT BY 1
    NO MINVALUE
    NO MAXVALUE
    CACHE 1
);


--
-- Name: account account_id; Type: DEFAULT; Schema: public; Owner: -
--

ALTER TABLE ONLY public.account ALTER COLUMN account_id SET DEFAULT nextval('public.account_account_id_seq'::regclass);


--
-- Name: ledger_entry ledger_id; Type: DEFAULT; Schema: public; Owner: -
--

ALTER TABLE ONLY public.ledger_entry ALTER COLUMN ledger_id SET DEFAULT nextval('public.ledger_entry_ledger_id_seq'::regclass);


--
-- Data for Name: account; Type: TABLE DATA; Schema: public; Owner: -
--

COPY public.account (account_id, owner_user_id, currency, balance, created_at, updated_at) FROM stdin;
3	3	USD	900340.00000000	2026-01-05 16:00:42.911578+05:30	2026-01-07 20:49:22.154261+05:30
1	1	USD	114074.00000000	2025-12-12 18:48:10.214474+05:30	2026-01-17 22:21:20.898117+05:30
2	2	USD	35748.00000000	2025-12-12 18:48:10.214474+05:30	2026-01-17 22:21:20.898117+05:30
\.


--
-- Data for Name: audit_log; Type: TABLE DATA; Schema: public; Owner: -
--

COPY public.audit_log (id, action, created_at, ip_address, method_name, parameters, return_value, user_id) FROM stdin;
\.


--
-- Data for Name: ledger_entry; Type: TABLE DATA; Schema: public; Owner: -
--

COPY public.ledger_entry (ledger_id, transaction_id, entry_timestamp, account_id, related_account_id, entry_type, amount, currency, description, created_by) FROM stdin;
2	45da0b5a-e7a5-446b-a6b7-ffc8afc92028	2025-12-12 18:48:19.109072+05:30	1	2	DEBIT	100.00000000	USD	Test Ledger Entry	1
3	df00d6c9-be9f-47a7-95ac-1dcbe131c829	2025-12-12 18:49:28.894576+05:30	2	1	DEBIT	20.00000000	USD	Test Ledger Entry	2
4	9ee585c3-9e85-4e9f-9f96-a25ae35c56ae	2025-12-12 18:50:22.81118+05:30	2	1	DEBIT	20.00000000	USD	Test Ledger Entry	2
5	4a505c8b-b521-4afc-b9fe-da2b35464b2f	2025-12-12 18:51:18.415469+05:30	2	1	DEBIT	500.00000000	USD	Test Ledger Entry	2
6	fb81c8da-6426-4cf6-934d-3928acfbeff3	2025-12-12 19:13:37.266389+05:30	1	2	DEBIT	50.00000000	USD	Test transfer	1
7	fb81c8da-6426-4cf6-934d-3928acfbeff3	2025-12-12 19:13:37.266389+05:30	2	1	CREDIT	50.00000000	USD	Test transfer	1
8	c33df1e5-12bc-49d5-bb9a-7a2b07d7559a	2025-12-13 10:59:58.735035+05:30	1	2	DEBIT	20.00000000	USD	sent my frind	-1
9	c33df1e5-12bc-49d5-bb9a-7a2b07d7559a	2025-12-13 10:59:58.735035+05:30	2	1	CREDIT	20.00000000	USD	sent my frind	-1
10	3bc54a2d-8a11-4ec0-9b99-63560b8d20dd	2025-12-13 11:09:10.16388+05:30	1	2	DEBIT	10.00000000	USD	Concurrency test	-1
11	3bc54a2d-8a11-4ec0-9b99-63560b8d20dd	2025-12-13 11:09:10.164879+05:30	2	1	CREDIT	10.00000000	USD	Concurrency test	-1
12	de8e7aa9-f4c6-4da4-a53c-acd6fcf8510f	2025-12-13 11:09:10.203297+05:30	1	2	DEBIT	10.00000000	USD	Concurrency test	-1
13	de8e7aa9-f4c6-4da4-a53c-acd6fcf8510f	2025-12-13 11:09:10.203297+05:30	2	1	CREDIT	10.00000000	USD	Concurrency test	-1
14	74b2c95b-a6af-48e2-aa3a-0b613df01cab	2025-12-13 11:09:10.238911+05:30	1	2	DEBIT	10.00000000	USD	Concurrency test	-1
15	74b2c95b-a6af-48e2-aa3a-0b613df01cab	2025-12-13 11:09:10.238911+05:30	2	1	CREDIT	10.00000000	USD	Concurrency test	-1
16	dd9ea362-69b6-44db-92a7-9ec520c2e1f6	2025-12-13 11:09:10.392148+05:30	1	2	DEBIT	10.00000000	USD	Concurrency test	-1
17	dd9ea362-69b6-44db-92a7-9ec520c2e1f6	2025-12-13 11:09:10.392148+05:30	2	1	CREDIT	10.00000000	USD	Concurrency test	-1
18	7222ed4e-eb54-4d7b-9352-3f392e241892	2025-12-13 11:09:10.446008+05:30	1	2	DEBIT	10.00000000	USD	Concurrency test	-1
19	7222ed4e-eb54-4d7b-9352-3f392e241892	2025-12-13 11:09:10.446008+05:30	2	1	CREDIT	10.00000000	USD	Concurrency test	-1
20	964cd590-1cfd-4f29-8675-d2d42f3680f4	2025-12-13 11:09:10.484607+05:30	1	2	DEBIT	10.00000000	USD	Concurrency test	-1
21	964cd590-1cfd-4f29-8675-d2d42f3680f4	2025-12-13 11:09:10.484607+05:30	2	1	CREDIT	10.00000000	USD	Concurrency test	-1
22	37460be8-7ac2-4300-aa03-5d223028b52a	2025-12-13 11:09:10.612757+05:30	1	2	DEBIT	10.00000000	USD	Concurrency test	-1
23	37460be8-7ac2-4300-aa03-5d223028b52a	2025-12-13 11:09:10.612757+05:30	2	1	CREDIT	10.00000000	USD	Concurrency test	-1
24	de7604a1-7cf7-48d4-a6b2-112db464edf6	2025-12-13 11:09:10.758547+05:30	1	2	DEBIT	10.00000000	USD	Concurrency test	-1
25	de7604a1-7cf7-48d4-a6b2-112db464edf6	2025-12-13 11:09:10.758547+05:30	2	1	CREDIT	10.00000000	USD	Concurrency test	-1
26	d9ed1f81-ed54-49cf-a41c-59d2e6687a68	2025-12-13 11:09:10.776979+05:30	1	2	DEBIT	10.00000000	USD	Concurrency test	-1
27	d9ed1f81-ed54-49cf-a41c-59d2e6687a68	2025-12-13 11:09:10.777979+05:30	2	1	CREDIT	10.00000000	USD	Concurrency test	-1
28	d345aa80-9de7-4efc-9426-6e15ecb366c7	2025-12-13 11:09:10.882528+05:30	1	2	DEBIT	10.00000000	USD	Concurrency test	-1
29	d345aa80-9de7-4efc-9426-6e15ecb366c7	2025-12-13 11:09:10.882528+05:30	2	1	CREDIT	10.00000000	USD	Concurrency test	-1
30	3c511f30-36c4-498f-a030-a272c1af8786	2025-12-13 11:09:10.918915+05:30	1	2	DEBIT	10.00000000	USD	Concurrency test	-1
31	3c511f30-36c4-498f-a030-a272c1af8786	2025-12-13 11:09:10.918915+05:30	2	1	CREDIT	10.00000000	USD	Concurrency test	-1
32	47e01c79-9e56-4019-b559-ea863f3690cc	2025-12-13 11:09:10.989374+05:30	1	2	DEBIT	10.00000000	USD	Concurrency test	-1
33	47e01c79-9e56-4019-b559-ea863f3690cc	2025-12-13 11:09:10.989374+05:30	2	1	CREDIT	10.00000000	USD	Concurrency test	-1
34	e16b827d-0aae-4774-8d34-0f8d3fabd008	2025-12-13 11:09:11.059998+05:30	1	2	DEBIT	10.00000000	USD	Concurrency test	-1
35	e16b827d-0aae-4774-8d34-0f8d3fabd008	2025-12-13 11:09:11.059998+05:30	2	1	CREDIT	10.00000000	USD	Concurrency test	-1
36	90f711eb-fe5e-4b4b-8ec9-f971269b3731	2025-12-13 11:09:11.081558+05:30	1	2	DEBIT	10.00000000	USD	Concurrency test	-1
37	90f711eb-fe5e-4b4b-8ec9-f971269b3731	2025-12-13 11:09:11.081558+05:30	2	1	CREDIT	10.00000000	USD	Concurrency test	-1
38	e9031190-95ba-40f9-a985-aa8bd8c90f98	2025-12-13 11:09:11.213133+05:30	1	2	DEBIT	10.00000000	USD	Concurrency test	-1
39	e9031190-95ba-40f9-a985-aa8bd8c90f98	2025-12-13 11:09:11.213133+05:30	2	1	CREDIT	10.00000000	USD	Concurrency test	-1
40	d74a795f-fa80-48da-b1f4-d35b2e8f7e23	2025-12-13 11:09:11.338991+05:30	1	2	DEBIT	10.00000000	USD	Concurrency test	-1
41	d74a795f-fa80-48da-b1f4-d35b2e8f7e23	2025-12-13 11:09:11.338991+05:30	2	1	CREDIT	10.00000000	USD	Concurrency test	-1
42	d39b6057-d55e-4714-b866-a875cd2f4bb2	2025-12-13 11:09:11.351991+05:30	1	2	DEBIT	10.00000000	USD	Concurrency test	-1
43	d39b6057-d55e-4714-b866-a875cd2f4bb2	2025-12-13 11:09:11.352962+05:30	2	1	CREDIT	10.00000000	USD	Concurrency test	-1
44	6d8ac0d1-b8f6-4c17-a0a9-d3f887439cc6	2025-12-13 11:09:11.430003+05:30	1	2	DEBIT	10.00000000	USD	Concurrency test	-1
45	6d8ac0d1-b8f6-4c17-a0a9-d3f887439cc6	2025-12-13 11:09:11.430003+05:30	2	1	CREDIT	10.00000000	USD	Concurrency test	-1
46	a8ef6dc6-6990-4a91-bebf-025d621e74b8	2025-12-13 11:09:11.505159+05:30	1	2	DEBIT	10.00000000	USD	Concurrency test	-1
47	a8ef6dc6-6990-4a91-bebf-025d621e74b8	2025-12-13 11:09:11.505159+05:30	2	1	CREDIT	10.00000000	USD	Concurrency test	-1
48	77d94dc5-3fdc-41ac-88e9-236df6f58cac	2025-12-13 11:09:11.557292+05:30	1	2	DEBIT	10.00000000	USD	Concurrency test	-1
49	77d94dc5-3fdc-41ac-88e9-236df6f58cac	2025-12-13 11:09:11.557292+05:30	2	1	CREDIT	10.00000000	USD	Concurrency test	-1
50	3db48279-655d-490d-94e2-62bebfa56b0c	2025-12-13 11:09:11.591164+05:30	1	2	DEBIT	10.00000000	USD	Concurrency test	-1
51	3db48279-655d-490d-94e2-62bebfa56b0c	2025-12-13 11:09:11.591164+05:30	2	1	CREDIT	10.00000000	USD	Concurrency test	-1
52	077b7c43-73d8-4c50-b8e9-abc89cac6f35	2025-12-13 11:09:11.654078+05:30	1	2	DEBIT	10.00000000	USD	Concurrency test	-1
53	077b7c43-73d8-4c50-b8e9-abc89cac6f35	2025-12-13 11:09:11.654078+05:30	2	1	CREDIT	10.00000000	USD	Concurrency test	-1
54	d41da051-e0ff-4384-9e65-a9df48c31ba3	2025-12-13 11:09:11.745792+05:30	1	2	DEBIT	10.00000000	USD	Concurrency test	-1
55	d41da051-e0ff-4384-9e65-a9df48c31ba3	2025-12-13 11:09:11.745792+05:30	2	1	CREDIT	10.00000000	USD	Concurrency test	-1
56	943e923d-ae15-49d1-bb4a-80d884725e09	2025-12-13 11:09:11.813797+05:30	1	2	DEBIT	10.00000000	USD	Concurrency test	-1
57	943e923d-ae15-49d1-bb4a-80d884725e09	2025-12-13 11:09:11.813797+05:30	2	1	CREDIT	10.00000000	USD	Concurrency test	-1
58	61523020-f31f-45c5-b4e7-e04d76092655	2025-12-13 11:09:11.907435+05:30	1	2	DEBIT	10.00000000	USD	Concurrency test	-1
59	61523020-f31f-45c5-b4e7-e04d76092655	2025-12-13 11:09:11.907435+05:30	2	1	CREDIT	10.00000000	USD	Concurrency test	-1
60	32d943c0-4dc8-45f7-9a56-cbd6db1b8c61	2025-12-13 11:09:11.945542+05:30	1	2	DEBIT	10.00000000	USD	Concurrency test	-1
61	32d943c0-4dc8-45f7-9a56-cbd6db1b8c61	2025-12-13 11:09:11.945542+05:30	2	1	CREDIT	10.00000000	USD	Concurrency test	-1
62	821da6e7-6b93-49f9-8074-26ce74391461	2025-12-13 11:09:11.977277+05:30	1	2	DEBIT	10.00000000	USD	Concurrency test	-1
63	821da6e7-6b93-49f9-8074-26ce74391461	2025-12-13 11:09:11.977277+05:30	2	1	CREDIT	10.00000000	USD	Concurrency test	-1
64	80d2c0b9-3552-4f49-ace1-05e30b1435cc	2025-12-13 11:09:12.110452+05:30	1	2	DEBIT	10.00000000	USD	Concurrency test	-1
65	80d2c0b9-3552-4f49-ace1-05e30b1435cc	2025-12-13 11:09:12.110452+05:30	2	1	CREDIT	10.00000000	USD	Concurrency test	-1
66	151053c0-7c0d-47cc-b0e7-c023b66c4644	2025-12-13 11:09:12.12946+05:30	1	2	DEBIT	10.00000000	USD	Concurrency test	-1
67	151053c0-7c0d-47cc-b0e7-c023b66c4644	2025-12-13 11:09:12.12946+05:30	2	1	CREDIT	10.00000000	USD	Concurrency test	-1
68	3e43ba78-4ab1-45de-82ed-cd7ae139ed00	2025-12-13 11:09:12.192237+05:30	1	2	DEBIT	10.00000000	USD	Concurrency test	-1
69	3e43ba78-4ab1-45de-82ed-cd7ae139ed00	2025-12-13 11:09:12.192237+05:30	2	1	CREDIT	10.00000000	USD	Concurrency test	-1
70	b43f52d5-7434-4cab-9494-cbdce22228d0	2025-12-13 11:09:12.263369+05:30	1	2	DEBIT	10.00000000	USD	Concurrency test	-1
71	b43f52d5-7434-4cab-9494-cbdce22228d0	2025-12-13 11:09:12.263369+05:30	2	1	CREDIT	10.00000000	USD	Concurrency test	-1
80	432f3a23-183a-4144-a84a-d3ce2d997fae	2025-12-13 11:09:12.497662+05:30	1	2	DEBIT	10.00000000	USD	Concurrency test	-1
81	432f3a23-183a-4144-a84a-d3ce2d997fae	2025-12-13 11:09:12.497662+05:30	2	1	CREDIT	10.00000000	USD	Concurrency test	-1
88	439df910-c8ee-47bb-bc82-0e30f1e72af1	2025-12-13 11:09:12.666718+05:30	1	2	DEBIT	10.00000000	USD	Concurrency test	-1
89	439df910-c8ee-47bb-bc82-0e30f1e72af1	2025-12-13 11:09:12.666718+05:30	2	1	CREDIT	10.00000000	USD	Concurrency test	-1
72	207a37d0-ec5c-4d00-9ff9-5a62a318e752	2025-12-13 11:09:12.279526+05:30	1	2	DEBIT	10.00000000	USD	Concurrency test	-1
73	207a37d0-ec5c-4d00-9ff9-5a62a318e752	2025-12-13 11:09:12.279526+05:30	2	1	CREDIT	10.00000000	USD	Concurrency test	-1
78	7e7571cc-ae67-470a-96a4-d4249d1093de	2025-12-13 11:09:12.452329+05:30	1	2	DEBIT	10.00000000	USD	Concurrency test	-1
79	7e7571cc-ae67-470a-96a4-d4249d1093de	2025-12-13 11:09:12.452329+05:30	2	1	CREDIT	10.00000000	USD	Concurrency test	-1
74	16cdc3b0-9d8e-4b84-aad1-41e7e8e4fd4d	2025-12-13 11:09:12.340078+05:30	1	2	DEBIT	10.00000000	USD	Concurrency test	-1
75	16cdc3b0-9d8e-4b84-aad1-41e7e8e4fd4d	2025-12-13 11:09:12.340078+05:30	2	1	CREDIT	10.00000000	USD	Concurrency test	-1
82	d4a64d2e-62d2-4242-bc63-ccd875472bcc	2025-12-13 11:09:12.5474+05:30	1	2	DEBIT	10.00000000	USD	Concurrency test	-1
83	d4a64d2e-62d2-4242-bc63-ccd875472bcc	2025-12-13 11:09:12.5474+05:30	2	1	CREDIT	10.00000000	USD	Concurrency test	-1
86	7e7c5613-89f6-4dc1-8922-504e41d7297e	2025-12-13 11:09:12.614707+05:30	1	2	DEBIT	10.00000000	USD	Concurrency test	-1
87	7e7c5613-89f6-4dc1-8922-504e41d7297e	2025-12-13 11:09:12.614707+05:30	2	1	CREDIT	10.00000000	USD	Concurrency test	-1
76	046bb006-2781-4c59-8086-9c1d69e081d6	2025-12-13 11:09:12.410051+05:30	1	2	DEBIT	10.00000000	USD	Concurrency test	-1
77	046bb006-2781-4c59-8086-9c1d69e081d6	2025-12-13 11:09:12.410051+05:30	2	1	CREDIT	10.00000000	USD	Concurrency test	-1
84	1e959251-7657-46f6-8584-e4d582bf9e83	2025-12-13 11:09:12.577304+05:30	1	2	DEBIT	10.00000000	USD	Concurrency test	-1
85	1e959251-7657-46f6-8584-e4d582bf9e83	2025-12-13 11:09:12.577304+05:30	2	1	CREDIT	10.00000000	USD	Concurrency test	-1
90	c81247f1-9945-4e2b-9534-dcade552d23a	2025-12-13 11:09:26.258081+05:30	1	2	DEBIT	10.00000000	USD	Concurrency test	-1
91	c81247f1-9945-4e2b-9534-dcade552d23a	2025-12-13 11:09:26.258081+05:30	2	1	CREDIT	10.00000000	USD	Concurrency test	-1
92	83675159-a368-4a8c-a72e-e54e62d65e0a	2025-12-13 11:09:26.314099+05:30	1	2	DEBIT	10.00000000	USD	Concurrency test	-1
93	83675159-a368-4a8c-a72e-e54e62d65e0a	2025-12-13 11:09:26.314099+05:30	2	1	CREDIT	10.00000000	USD	Concurrency test	-1
94	eceb855a-f8f3-47a5-9ede-d12314ad9435	2025-12-13 11:09:26.379666+05:30	1	2	DEBIT	10.00000000	USD	Concurrency test	-1
95	eceb855a-f8f3-47a5-9ede-d12314ad9435	2025-12-13 11:09:26.379666+05:30	2	1	CREDIT	10.00000000	USD	Concurrency test	-1
96	e1665116-1f0d-4d7d-9686-143d20c38379	2025-12-13 11:14:53.777282+05:30	1	2	DEBIT	10.00000000	USD	Concurrency test	-1
97	e1665116-1f0d-4d7d-9686-143d20c38379	2025-12-13 11:14:53.777282+05:30	2	1	CREDIT	10.00000000	USD	Concurrency test	-1
98	127102fa-4d02-4f3e-b67d-f5c6ef72da37	2025-12-13 11:14:53.816789+05:30	1	2	DEBIT	10.00000000	USD	Concurrency test	-1
99	127102fa-4d02-4f3e-b67d-f5c6ef72da37	2025-12-13 11:14:53.816789+05:30	2	1	CREDIT	10.00000000	USD	Concurrency test	-1
100	da509225-8e6c-4581-82db-34823997b440	2025-12-13 11:14:53.885644+05:30	1	2	DEBIT	10.00000000	USD	Concurrency test	-1
101	da509225-8e6c-4581-82db-34823997b440	2025-12-13 11:14:53.885644+05:30	2	1	CREDIT	10.00000000	USD	Concurrency test	-1
102	63f34169-ac05-48ae-869c-119d11051c7f	2025-12-13 11:14:54.802034+05:30	1	2	DEBIT	10.00000000	USD	Concurrency test	-1
103	63f34169-ac05-48ae-869c-119d11051c7f	2025-12-13 11:14:54.802034+05:30	2	1	CREDIT	10.00000000	USD	Concurrency test	-1
104	c94f63c4-87ba-4ac2-9857-33e13d308bc8	2025-12-13 11:14:54.843869+05:30	1	2	DEBIT	10.00000000	USD	Concurrency test	-1
105	c94f63c4-87ba-4ac2-9857-33e13d308bc8	2025-12-13 11:14:54.843869+05:30	2	1	CREDIT	10.00000000	USD	Concurrency test	-1
106	c779ba40-4617-427e-bcd5-596dec32a638	2025-12-13 11:14:54.908997+05:30	1	2	DEBIT	10.00000000	USD	Concurrency test	-1
107	c779ba40-4617-427e-bcd5-596dec32a638	2025-12-13 11:14:54.908997+05:30	2	1	CREDIT	10.00000000	USD	Concurrency test	-1
108	45b651a9-2a4f-4a68-a817-3e3b09ffbd3c	2025-12-13 11:14:54.946235+05:30	1	2	DEBIT	10.00000000	USD	Concurrency test	-1
109	45b651a9-2a4f-4a68-a817-3e3b09ffbd3c	2025-12-13 11:14:54.946235+05:30	2	1	CREDIT	10.00000000	USD	Concurrency test	-1
110	2135b767-88f9-434c-8fb4-2693dce8f7a9	2025-12-13 11:18:42.611445+05:30	1	2	DEBIT	10.00000000	USD	Concurrency test	-1
111	2135b767-88f9-434c-8fb4-2693dce8f7a9	2025-12-13 11:18:42.611445+05:30	2	1	CREDIT	10.00000000	USD	Concurrency test	-1
112	4f74157c-4689-4510-9e81-7990bc3263c0	2025-12-13 11:18:42.665093+05:30	1	2	DEBIT	10.00000000	USD	Concurrency test	-1
113	4f74157c-4689-4510-9e81-7990bc3263c0	2025-12-13 11:18:42.665093+05:30	2	1	CREDIT	10.00000000	USD	Concurrency test	-1
114	1cfd5f6d-8f42-47d6-86d0-e541fb652996	2025-12-13 11:18:42.705756+05:30	1	2	DEBIT	10.00000000	USD	Concurrency test	-1
115	1cfd5f6d-8f42-47d6-86d0-e541fb652996	2025-12-13 11:18:42.705756+05:30	2	1	CREDIT	10.00000000	USD	Concurrency test	-1
116	05f8246f-4e04-4892-85a8-c4b30f0cb84b	2025-12-13 11:18:42.720765+05:30	1	2	DEBIT	10.00000000	USD	Concurrency test	-1
117	05f8246f-4e04-4892-85a8-c4b30f0cb84b	2025-12-13 11:18:42.720765+05:30	2	1	CREDIT	10.00000000	USD	Concurrency test	-1
118	9bbc7f97-c8ac-460d-8bca-6a17e928efbf	2025-12-13 11:18:42.786951+05:30	1	2	DEBIT	10.00000000	USD	Concurrency test	-1
119	9bbc7f97-c8ac-460d-8bca-6a17e928efbf	2025-12-13 11:18:42.786951+05:30	2	1	CREDIT	10.00000000	USD	Concurrency test	-1
120	6afb7f90-ce7c-4abf-b567-a64dee6d5821	2025-12-13 11:18:44.274895+05:30	1	2	DEBIT	10.00000000	USD	Concurrency test	-1
121	6afb7f90-ce7c-4abf-b567-a64dee6d5821	2025-12-13 11:18:44.274895+05:30	2	1	CREDIT	10.00000000	USD	Concurrency test	-1
122	4e5d9af6-64fd-4273-a0c7-ff92f3f38b37	2025-12-13 11:18:44.349321+05:30	1	2	DEBIT	10.00000000	USD	Concurrency test	-1
123	4e5d9af6-64fd-4273-a0c7-ff92f3f38b37	2025-12-13 11:18:44.349321+05:30	2	1	CREDIT	10.00000000	USD	Concurrency test	-1
124	6888d12e-5f6c-4e49-8eef-d14bbd36f78b	2025-12-13 11:18:44.388622+05:30	1	2	DEBIT	10.00000000	USD	Concurrency test	-1
125	6888d12e-5f6c-4e49-8eef-d14bbd36f78b	2025-12-13 11:18:44.388622+05:30	2	1	CREDIT	10.00000000	USD	Concurrency test	-1
126	ef78d57f-f96e-474b-866a-020cc40ea886	2025-12-13 11:18:44.434828+05:30	1	2	DEBIT	10.00000000	USD	Concurrency test	-1
127	ef78d57f-f96e-474b-866a-020cc40ea886	2025-12-13 11:18:44.434828+05:30	2	1	CREDIT	10.00000000	USD	Concurrency test	-1
128	aa30127c-5286-4b6e-a62d-1dc923bd01da	2025-12-13 11:31:14.933307+05:30	2	1	DEBIT	29.00000000	USD	dinner amount	-1
129	aa30127c-5286-4b6e-a62d-1dc923bd01da	2025-12-13 11:31:14.933307+05:30	1	2	CREDIT	29.00000000	USD	dinner amount	-1
130	603c0de8-b086-4675-9ad1-061cd59061d5	2025-12-13 11:39:02.447938+05:30	2	1	DEBIT	9.00000000	USD	coffee	-1
131	603c0de8-b086-4675-9ad1-061cd59061d5	2025-12-13 11:39:02.447938+05:30	1	2	CREDIT	9.00000000	USD	coffee	-1
132	6188dc6c-d901-4b5f-88a8-112000d93384	2025-12-13 11:43:49.295291+05:30	1	2	DEBIT	10.00000000	USD	Concurrency test	-1
133	6188dc6c-d901-4b5f-88a8-112000d93384	2025-12-13 11:43:49.295291+05:30	2	1	CREDIT	10.00000000	USD	Concurrency test	-1
134	86818a02-7120-459e-8459-510840a112e1	2025-12-13 11:43:49.368822+05:30	1	2	DEBIT	10.00000000	USD	Concurrency test	-1
135	86818a02-7120-459e-8459-510840a112e1	2025-12-13 11:43:49.368822+05:30	2	1	CREDIT	10.00000000	USD	Concurrency test	-1
136	ae7bceb4-9c65-4a58-8506-7a3801f0cc8d	2025-12-13 11:43:49.516949+05:30	1	2	DEBIT	10.00000000	USD	Concurrency test	-1
137	ae7bceb4-9c65-4a58-8506-7a3801f0cc8d	2025-12-13 11:43:49.516949+05:30	2	1	CREDIT	10.00000000	USD	Concurrency test	-1
138	c09e9fe2-7835-4f05-92ca-836d7a1f9450	2025-12-13 11:43:49.652795+05:30	1	2	DEBIT	10.00000000	USD	Concurrency test	-1
139	c09e9fe2-7835-4f05-92ca-836d7a1f9450	2025-12-13 11:43:49.652795+05:30	2	1	CREDIT	10.00000000	USD	Concurrency test	-1
140	5ed321be-0801-424b-a18d-85f565b85a16	2025-12-13 11:43:49.702002+05:30	1	2	DEBIT	10.00000000	USD	Concurrency test	-1
141	5ed321be-0801-424b-a18d-85f565b85a16	2025-12-13 11:43:49.702002+05:30	2	1	CREDIT	10.00000000	USD	Concurrency test	-1
142	8b988be4-ca33-41d4-9dbb-2c3fafa79011	2025-12-13 11:43:49.748672+05:30	1	2	DEBIT	10.00000000	USD	Concurrency test	-1
143	8b988be4-ca33-41d4-9dbb-2c3fafa79011	2025-12-13 11:43:49.748672+05:30	2	1	CREDIT	10.00000000	USD	Concurrency test	-1
144	c744ddab-03dd-421c-9f11-1d61dc24a443	2025-12-13 11:43:49.816444+05:30	1	2	DEBIT	10.00000000	USD	Concurrency test	-1
145	c744ddab-03dd-421c-9f11-1d61dc24a443	2025-12-13 11:43:49.816444+05:30	2	1	CREDIT	10.00000000	USD	Concurrency test	-1
146	21cdd73f-fa2f-4db6-b142-157b14804409	2025-12-13 11:43:49.903577+05:30	1	2	DEBIT	10.00000000	USD	Concurrency test	-1
147	21cdd73f-fa2f-4db6-b142-157b14804409	2025-12-13 11:43:49.903577+05:30	2	1	CREDIT	10.00000000	USD	Concurrency test	-1
148	07b252a0-f748-45bc-8ae6-2cc1a76476b5	2025-12-13 11:43:49.949859+05:30	1	2	DEBIT	10.00000000	USD	Concurrency test	-1
149	07b252a0-f748-45bc-8ae6-2cc1a76476b5	2025-12-13 11:43:49.949859+05:30	2	1	CREDIT	10.00000000	USD	Concurrency test	-1
150	a1cdacb3-9e04-4927-8ed7-419e5b468e44	2025-12-13 11:43:50.002385+05:30	1	2	DEBIT	10.00000000	USD	Concurrency test	-1
151	a1cdacb3-9e04-4927-8ed7-419e5b468e44	2025-12-13 11:43:50.002385+05:30	2	1	CREDIT	10.00000000	USD	Concurrency test	-1
152	9b14aca5-3b4a-4014-bcd5-4e62f4aa1c96	2025-12-13 11:43:50.059111+05:30	1	2	DEBIT	10.00000000	USD	Concurrency test	-1
153	9b14aca5-3b4a-4014-bcd5-4e62f4aa1c96	2025-12-13 11:43:50.059111+05:30	2	1	CREDIT	10.00000000	USD	Concurrency test	-1
154	e8da8817-9f1a-40ed-bd6f-048ba803d426	2025-12-13 11:43:50.134568+05:30	1	2	DEBIT	10.00000000	USD	Concurrency test	-1
155	e8da8817-9f1a-40ed-bd6f-048ba803d426	2025-12-13 11:43:50.134568+05:30	2	1	CREDIT	10.00000000	USD	Concurrency test	-1
156	dc3050c8-0c0b-4456-af37-170ac4e09b77	2025-12-13 11:43:50.150318+05:30	1	2	DEBIT	10.00000000	USD	Concurrency test	-1
157	dc3050c8-0c0b-4456-af37-170ac4e09b77	2025-12-13 11:43:50.150318+05:30	2	1	CREDIT	10.00000000	USD	Concurrency test	-1
158	8055a88e-fb14-468e-b39e-5f7e44d930a1	2025-12-13 11:43:50.298772+05:30	1	2	DEBIT	10.00000000	USD	Concurrency test	-1
159	8055a88e-fb14-468e-b39e-5f7e44d930a1	2025-12-13 11:43:50.298772+05:30	2	1	CREDIT	10.00000000	USD	Concurrency test	-1
160	b4ae66cd-ad1a-4aa2-9630-12e137dff2e5	2025-12-13 11:43:50.357779+05:30	1	2	DEBIT	10.00000000	USD	Concurrency test	-1
161	b4ae66cd-ad1a-4aa2-9630-12e137dff2e5	2025-12-13 11:43:50.357779+05:30	2	1	CREDIT	10.00000000	USD	Concurrency test	-1
164	2073929e-905e-4b00-81ba-84019fee7064	2025-12-13 11:43:50.412353+05:30	1	2	DEBIT	10.00000000	USD	Concurrency test	-1
165	2073929e-905e-4b00-81ba-84019fee7064	2025-12-13 11:43:50.412353+05:30	2	1	CREDIT	10.00000000	USD	Concurrency test	-1
168	01e53c3a-a59c-44d3-86bd-78a02013c316	2025-12-13 11:43:50.578048+05:30	1	2	DEBIT	10.00000000	USD	Concurrency test	-1
169	01e53c3a-a59c-44d3-86bd-78a02013c316	2025-12-13 11:43:50.578048+05:30	2	1	CREDIT	10.00000000	USD	Concurrency test	-1
174	686bb7cf-13a2-487a-ae0d-9122714e533d	2025-12-13 11:43:50.68244+05:30	1	2	DEBIT	10.00000000	USD	Concurrency test	-1
175	686bb7cf-13a2-487a-ae0d-9122714e533d	2025-12-13 11:43:50.68244+05:30	2	1	CREDIT	10.00000000	USD	Concurrency test	-1
186	7522d6d2-868d-4106-8aa8-d306a6042ed9	2025-12-13 11:43:51.060189+05:30	1	2	DEBIT	10.00000000	USD	Concurrency test	-1
187	7522d6d2-868d-4106-8aa8-d306a6042ed9	2025-12-13 11:43:51.060189+05:30	2	1	CREDIT	10.00000000	USD	Concurrency test	-1
188	e10883f0-9682-4d9a-b8a3-e797bcb1cebb	2025-12-13 11:43:51.094223+05:30	1	2	DEBIT	10.00000000	USD	Concurrency test	-1
189	e10883f0-9682-4d9a-b8a3-e797bcb1cebb	2025-12-13 11:43:51.094223+05:30	2	1	CREDIT	10.00000000	USD	Concurrency test	-1
190	955d949c-5d97-49f4-85ae-411ce0ccc4a1	2025-12-13 11:43:51.146232+05:30	1	2	DEBIT	10.00000000	USD	Concurrency test	-1
191	955d949c-5d97-49f4-85ae-411ce0ccc4a1	2025-12-13 11:43:51.146232+05:30	2	1	CREDIT	10.00000000	USD	Concurrency test	-1
192	2036d39c-021e-4b97-833d-0dcd6ba66cf3	2025-12-13 11:43:51.177407+05:30	1	2	DEBIT	10.00000000	USD	Concurrency test	-1
193	2036d39c-021e-4b97-833d-0dcd6ba66cf3	2025-12-13 11:43:51.177407+05:30	2	1	CREDIT	10.00000000	USD	Concurrency test	-1
198	6e7e4e35-3250-4b09-8a79-a591027a0eaf	2025-12-13 11:43:51.375518+05:30	1	2	DEBIT	10.00000000	USD	Concurrency test	-1
199	6e7e4e35-3250-4b09-8a79-a591027a0eaf	2025-12-13 11:43:51.375518+05:30	2	1	CREDIT	10.00000000	USD	Concurrency test	-1
204	cf715e52-8466-4712-bbc6-def4f368e4c3	2025-12-13 11:43:51.529759+05:30	1	2	DEBIT	10.00000000	USD	Concurrency test	-1
205	cf715e52-8466-4712-bbc6-def4f368e4c3	2025-12-13 11:43:51.529759+05:30	2	1	CREDIT	10.00000000	USD	Concurrency test	-1
162	089901ef-f450-48fc-82cc-e807a2c3be3a	2025-12-13 11:43:50.378268+05:30	1	2	DEBIT	10.00000000	USD	Concurrency test	-1
163	089901ef-f450-48fc-82cc-e807a2c3be3a	2025-12-13 11:43:50.378268+05:30	2	1	CREDIT	10.00000000	USD	Concurrency test	-1
178	bce4828c-c997-45b7-962a-45624ce4fc3e	2025-12-13 11:43:50.77991+05:30	1	2	DEBIT	10.00000000	USD	Concurrency test	-1
179	bce4828c-c997-45b7-962a-45624ce4fc3e	2025-12-13 11:43:50.77991+05:30	2	1	CREDIT	10.00000000	USD	Concurrency test	-1
182	ed40f088-a256-4dc2-af09-995a2d729b48	2025-12-13 11:43:50.950931+05:30	1	2	DEBIT	10.00000000	USD	Concurrency test	-1
183	ed40f088-a256-4dc2-af09-995a2d729b48	2025-12-13 11:43:50.950931+05:30	2	1	CREDIT	10.00000000	USD	Concurrency test	-1
166	585aca95-486b-4541-bf02-d62f930f08b9	2025-12-13 11:43:50.474233+05:30	1	2	DEBIT	10.00000000	USD	Concurrency test	-1
167	585aca95-486b-4541-bf02-d62f930f08b9	2025-12-13 11:43:50.474233+05:30	2	1	CREDIT	10.00000000	USD	Concurrency test	-1
172	19e2c757-c3ca-4f1e-9ba9-5753e8eab07f	2025-12-13 11:43:50.649774+05:30	1	2	DEBIT	10.00000000	USD	Concurrency test	-1
173	19e2c757-c3ca-4f1e-9ba9-5753e8eab07f	2025-12-13 11:43:50.649774+05:30	2	1	CREDIT	10.00000000	USD	Concurrency test	-1
176	d8a9d5ea-312c-4f15-9f91-d671a70ab9f0	2025-12-13 11:43:50.718175+05:30	1	2	DEBIT	10.00000000	USD	Concurrency test	-1
177	d8a9d5ea-312c-4f15-9f91-d671a70ab9f0	2025-12-13 11:43:50.718175+05:30	2	1	CREDIT	10.00000000	USD	Concurrency test	-1
184	f447ba9f-8cc7-4e70-a143-fbeabdc4fce8	2025-12-13 11:43:50.981428+05:30	1	2	DEBIT	10.00000000	USD	Concurrency test	-1
185	f447ba9f-8cc7-4e70-a143-fbeabdc4fce8	2025-12-13 11:43:50.981428+05:30	2	1	CREDIT	10.00000000	USD	Concurrency test	-1
196	2ce68525-356a-40cc-9ee4-c5b615b93cb7	2025-12-13 11:43:51.337594+05:30	1	2	DEBIT	10.00000000	USD	Concurrency test	-1
197	2ce68525-356a-40cc-9ee4-c5b615b93cb7	2025-12-13 11:43:51.337594+05:30	2	1	CREDIT	10.00000000	USD	Concurrency test	-1
202	a339afdb-96a6-4619-a83d-bb2cf0f7b899	2025-12-13 11:43:51.505672+05:30	1	2	DEBIT	10.00000000	USD	Concurrency test	-1
203	a339afdb-96a6-4619-a83d-bb2cf0f7b899	2025-12-13 11:43:51.505672+05:30	2	1	CREDIT	10.00000000	USD	Concurrency test	-1
170	fc62008a-e469-4b00-8ce8-932f18b41ea4	2025-12-13 11:43:50.591912+05:30	1	2	DEBIT	10.00000000	USD	Concurrency test	-1
171	fc62008a-e469-4b00-8ce8-932f18b41ea4	2025-12-13 11:43:50.591912+05:30	2	1	CREDIT	10.00000000	USD	Concurrency test	-1
180	0387399a-ad53-4b49-ac14-8b9a6aaa7396	2025-12-13 11:43:50.879056+05:30	1	2	DEBIT	10.00000000	USD	Concurrency test	-1
181	0387399a-ad53-4b49-ac14-8b9a6aaa7396	2025-12-13 11:43:50.879056+05:30	2	1	CREDIT	10.00000000	USD	Concurrency test	-1
194	a238ed25-6d22-4622-b316-15338a27d0ee	2025-12-13 11:43:51.268561+05:30	1	2	DEBIT	10.00000000	USD	Concurrency test	-1
195	a238ed25-6d22-4622-b316-15338a27d0ee	2025-12-13 11:43:51.268561+05:30	2	1	CREDIT	10.00000000	USD	Concurrency test	-1
200	642037eb-e9de-4b90-8dd2-25b33426d542	2025-12-13 11:43:51.462334+05:30	1	2	DEBIT	10.00000000	USD	Concurrency test	-1
201	642037eb-e9de-4b90-8dd2-25b33426d542	2025-12-13 11:43:51.462334+05:30	2	1	CREDIT	10.00000000	USD	Concurrency test	-1
206	733945d2-d606-4849-bd91-027dc5c1676e	2025-12-13 11:48:12.327127+05:30	2	1	DEBIT	5.00000000	USD	tea	-1
207	733945d2-d606-4849-bd91-027dc5c1676e	2025-12-13 11:48:12.327127+05:30	1	2	CREDIT	5.00000000	USD	tea	-1
208	85d48c32-db4f-4d15-9fe3-8aeacc94a005	2025-12-13 11:57:31.828679+05:30	1	2	DEBIT	10.00000000	USD	Concurrency test	-1
209	85d48c32-db4f-4d15-9fe3-8aeacc94a005	2025-12-13 11:57:31.828679+05:30	2	1	CREDIT	10.00000000	USD	Concurrency test	-1
210	f8c9984c-df35-47e9-9bca-2b8b8444bd1e	2025-12-13 12:00:51.20312+05:30	2	1	DEBIT	10.00000000	USD	Concurrency test	-1
211	f8c9984c-df35-47e9-9bca-2b8b8444bd1e	2025-12-13 12:00:51.20312+05:30	1	2	CREDIT	10.00000000	USD	Concurrency test	-1
212	853cf016-89b8-44ef-b346-702e8b04f73a	2025-12-13 12:00:51.239061+05:30	2	1	DEBIT	10.00000000	USD	Concurrency test	-1
213	853cf016-89b8-44ef-b346-702e8b04f73a	2025-12-13 12:00:51.239061+05:30	1	2	CREDIT	10.00000000	USD	Concurrency test	-1
214	06579c49-ab58-4fb8-baed-4de5cc89b2d6	2025-12-13 12:00:51.334789+05:30	2	1	DEBIT	10.00000000	USD	Concurrency test	-1
215	06579c49-ab58-4fb8-baed-4de5cc89b2d6	2025-12-13 12:00:51.334789+05:30	1	2	CREDIT	10.00000000	USD	Concurrency test	-1
216	7dd1e927-1068-4c8e-be80-7ebd971ff7cf	2025-12-13 12:00:51.426631+05:30	2	1	DEBIT	10.00000000	USD	Concurrency test	-1
217	7dd1e927-1068-4c8e-be80-7ebd971ff7cf	2025-12-13 12:00:51.426631+05:30	1	2	CREDIT	10.00000000	USD	Concurrency test	-1
218	098fca3d-d69e-46ea-9099-694a196ae473	2025-12-13 12:00:51.591213+05:30	2	1	DEBIT	10.00000000	USD	Concurrency test	-1
219	098fca3d-d69e-46ea-9099-694a196ae473	2025-12-13 12:00:51.591213+05:30	1	2	CREDIT	10.00000000	USD	Concurrency test	-1
220	bf8c0311-24c2-469f-84c4-90bbb35644e1	2025-12-13 12:00:51.627042+05:30	2	1	DEBIT	10.00000000	USD	Concurrency test	-1
221	bf8c0311-24c2-469f-84c4-90bbb35644e1	2025-12-13 12:00:51.627042+05:30	1	2	CREDIT	10.00000000	USD	Concurrency test	-1
222	c7ad557f-c70d-484b-8d0a-a182ef150bb0	2025-12-13 12:00:51.718215+05:30	2	1	DEBIT	10.00000000	USD	Concurrency test	-1
223	c7ad557f-c70d-484b-8d0a-a182ef150bb0	2025-12-13 12:00:51.718215+05:30	1	2	CREDIT	10.00000000	USD	Concurrency test	-1
224	5b1b19d9-56e4-45f7-9e9a-d9ebf18b5018	2025-12-13 12:00:51.845241+05:30	2	1	DEBIT	10.00000000	USD	Concurrency test	-1
225	5b1b19d9-56e4-45f7-9e9a-d9ebf18b5018	2025-12-13 12:00:51.845241+05:30	1	2	CREDIT	10.00000000	USD	Concurrency test	-1
226	92919513-0428-46eb-a74b-b95a0536b801	2025-12-13 12:00:51.957943+05:30	2	1	DEBIT	10.00000000	USD	Concurrency test	-1
227	92919513-0428-46eb-a74b-b95a0536b801	2025-12-13 12:00:51.957943+05:30	1	2	CREDIT	10.00000000	USD	Concurrency test	-1
228	5fc711da-da3a-4275-a409-1fb6c31a7d33	2025-12-13 12:00:52.006656+05:30	2	1	DEBIT	10.00000000	USD	Concurrency test	-1
229	5fc711da-da3a-4275-a409-1fb6c31a7d33	2025-12-13 12:00:52.006656+05:30	1	2	CREDIT	10.00000000	USD	Concurrency test	-1
230	f4d31ac0-30d6-466b-9b61-b70e7f79b6f6	2025-12-13 12:00:52.122774+05:30	2	1	DEBIT	10.00000000	USD	Concurrency test	-1
231	f4d31ac0-30d6-466b-9b61-b70e7f79b6f6	2025-12-13 12:00:52.122774+05:30	1	2	CREDIT	10.00000000	USD	Concurrency test	-1
232	fc599e46-2ec4-426a-917f-bf74a9100bc8	2025-12-13 12:00:52.191294+05:30	2	1	DEBIT	10.00000000	USD	Concurrency test	-1
233	fc599e46-2ec4-426a-917f-bf74a9100bc8	2025-12-13 12:00:52.191294+05:30	1	2	CREDIT	10.00000000	USD	Concurrency test	-1
234	0b8cec82-b377-4504-b9e6-d901ffa28131	2025-12-13 12:00:52.21902+05:30	2	1	DEBIT	10.00000000	USD	Concurrency test	-1
235	0b8cec82-b377-4504-b9e6-d901ffa28131	2025-12-13 12:00:52.21902+05:30	1	2	CREDIT	10.00000000	USD	Concurrency test	-1
236	a54ac479-b271-42cb-9697-ae1d711dc1a5	2025-12-13 12:00:52.255721+05:30	2	1	DEBIT	10.00000000	USD	Concurrency test	-1
237	a54ac479-b271-42cb-9697-ae1d711dc1a5	2025-12-13 12:00:52.255721+05:30	1	2	CREDIT	10.00000000	USD	Concurrency test	-1
238	c25c1dd5-6ad9-4500-b78e-96d3fa4cf010	2025-12-13 12:00:52.304181+05:30	2	1	DEBIT	10.00000000	USD	Concurrency test	-1
239	c25c1dd5-6ad9-4500-b78e-96d3fa4cf010	2025-12-13 12:00:52.304181+05:30	1	2	CREDIT	10.00000000	USD	Concurrency test	-1
240	3b9e6ebd-8d2c-4a65-9d90-7eadfb1e2fd3	2025-12-13 12:00:52.326637+05:30	2	1	DEBIT	10.00000000	USD	Concurrency test	-1
241	3b9e6ebd-8d2c-4a65-9d90-7eadfb1e2fd3	2025-12-13 12:00:52.326637+05:30	1	2	CREDIT	10.00000000	USD	Concurrency test	-1
242	32224793-4076-4f20-bc48-1abedc322a5e	2025-12-13 12:00:52.383864+05:30	2	1	DEBIT	10.00000000	USD	Concurrency test	-1
243	32224793-4076-4f20-bc48-1abedc322a5e	2025-12-13 12:00:52.383864+05:30	1	2	CREDIT	10.00000000	USD	Concurrency test	-1
244	09dc67d5-f76a-4a96-b3ba-035a2c1b3b7a	2025-12-13 12:00:52.473142+05:30	2	1	DEBIT	10.00000000	USD	Concurrency test	-1
245	09dc67d5-f76a-4a96-b3ba-035a2c1b3b7a	2025-12-13 12:00:52.473142+05:30	1	2	CREDIT	10.00000000	USD	Concurrency test	-1
246	2134a250-701b-47ea-a168-02fe4da12bf6	2025-12-13 12:00:52.513053+05:30	2	1	DEBIT	10.00000000	USD	Concurrency test	-1
247	2134a250-701b-47ea-a168-02fe4da12bf6	2025-12-13 12:00:52.513053+05:30	1	2	CREDIT	10.00000000	USD	Concurrency test	-1
248	c7f6be96-3026-4522-afb2-1f41aef9b8e3	2025-12-13 12:00:52.545474+05:30	2	1	DEBIT	10.00000000	USD	Concurrency test	-1
249	c7f6be96-3026-4522-afb2-1f41aef9b8e3	2025-12-13 12:00:52.545474+05:30	1	2	CREDIT	10.00000000	USD	Concurrency test	-1
250	65cc4c5a-8cb3-4594-97c9-dc60e414c589	2025-12-13 12:00:52.568123+05:30	2	1	DEBIT	10.00000000	USD	Concurrency test	-1
251	65cc4c5a-8cb3-4594-97c9-dc60e414c589	2025-12-13 12:00:52.568123+05:30	1	2	CREDIT	10.00000000	USD	Concurrency test	-1
252	d1f2e0e8-3700-43a9-b8c4-a51cd7661e2b	2025-12-13 12:00:52.587023+05:30	2	1	DEBIT	10.00000000	USD	Concurrency test	-1
253	d1f2e0e8-3700-43a9-b8c4-a51cd7661e2b	2025-12-13 12:00:52.587023+05:30	1	2	CREDIT	10.00000000	USD	Concurrency test	-1
254	62936b7d-dbbe-4985-b287-87e1fe112f12	2025-12-13 12:00:52.605977+05:30	2	1	DEBIT	10.00000000	USD	Concurrency test	-1
255	62936b7d-dbbe-4985-b287-87e1fe112f12	2025-12-13 12:00:52.605977+05:30	1	2	CREDIT	10.00000000	USD	Concurrency test	-1
256	65b4075c-3c3d-4242-9267-531daf05a671	2025-12-13 12:00:52.643014+05:30	2	1	DEBIT	10.00000000	USD	Concurrency test	-1
257	65b4075c-3c3d-4242-9267-531daf05a671	2025-12-13 12:00:52.643014+05:30	1	2	CREDIT	10.00000000	USD	Concurrency test	-1
258	5d7205af-66b3-447a-97a8-2938d1bf53e8	2025-12-13 12:00:52.694984+05:30	2	1	DEBIT	10.00000000	USD	Concurrency test	-1
259	5d7205af-66b3-447a-97a8-2938d1bf53e8	2025-12-13 12:00:52.694984+05:30	1	2	CREDIT	10.00000000	USD	Concurrency test	-1
260	2abb6184-871c-491d-b2b9-2cd85eb4c577	2025-12-13 12:00:52.718562+05:30	2	1	DEBIT	10.00000000	USD	Concurrency test	-1
261	2abb6184-871c-491d-b2b9-2cd85eb4c577	2025-12-13 12:00:52.718562+05:30	1	2	CREDIT	10.00000000	USD	Concurrency test	-1
262	b0d39c36-a149-43e4-b4c3-a9f1e298e8cd	2025-12-13 12:00:52.760665+05:30	2	1	DEBIT	10.00000000	USD	Concurrency test	-1
263	b0d39c36-a149-43e4-b4c3-a9f1e298e8cd	2025-12-13 12:00:52.76538+05:30	1	2	CREDIT	10.00000000	USD	Concurrency test	-1
264	5f0e8efe-c4a7-41e8-b7f6-8770424f8bb7	2025-12-13 12:00:52.836401+05:30	2	1	DEBIT	10.00000000	USD	Concurrency test	-1
265	5f0e8efe-c4a7-41e8-b7f6-8770424f8bb7	2025-12-13 12:00:52.836401+05:30	1	2	CREDIT	10.00000000	USD	Concurrency test	-1
266	51736d66-c5bc-4dc2-91be-e237b9c1f499	2025-12-13 12:00:52.848765+05:30	2	1	DEBIT	10.00000000	USD	Concurrency test	-1
267	51736d66-c5bc-4dc2-91be-e237b9c1f499	2025-12-13 12:00:52.848765+05:30	1	2	CREDIT	10.00000000	USD	Concurrency test	-1
268	daa3b6e5-0088-4953-8448-29d1d012a67d	2025-12-13 12:00:52.916711+05:30	2	1	DEBIT	10.00000000	USD	Concurrency test	-1
269	daa3b6e5-0088-4953-8448-29d1d012a67d	2025-12-13 12:00:52.916711+05:30	1	2	CREDIT	10.00000000	USD	Concurrency test	-1
270	34232b39-9f4c-408b-aa8b-58690d751679	2025-12-13 12:00:52.977852+05:30	2	1	DEBIT	10.00000000	USD	Concurrency test	-1
271	34232b39-9f4c-408b-aa8b-58690d751679	2025-12-13 12:00:52.977852+05:30	1	2	CREDIT	10.00000000	USD	Concurrency test	-1
272	abcef63c-aa40-4fed-bf6b-ccebe32eb456	2025-12-13 12:00:53.049019+05:30	2	1	DEBIT	10.00000000	USD	Concurrency test	-1
273	abcef63c-aa40-4fed-bf6b-ccebe32eb456	2025-12-13 12:00:53.049019+05:30	1	2	CREDIT	10.00000000	USD	Concurrency test	-1
276	03a21552-163c-4e08-9a80-77d54bbfaf85	2025-12-13 12:00:53.161085+05:30	2	1	DEBIT	10.00000000	USD	Concurrency test	-1
277	03a21552-163c-4e08-9a80-77d54bbfaf85	2025-12-13 12:00:53.161085+05:30	1	2	CREDIT	10.00000000	USD	Concurrency test	-1
274	5d352ecd-bb87-46d4-95a0-7bbea2576523	2025-12-13 12:00:53.09921+05:30	2	1	DEBIT	10.00000000	USD	Concurrency test	-1
275	5d352ecd-bb87-46d4-95a0-7bbea2576523	2025-12-13 12:00:53.09921+05:30	1	2	CREDIT	10.00000000	USD	Concurrency test	-1
278	45c45dfa-b203-4576-8678-cd6b08bf5525	2025-12-13 12:08:55.797176+05:30	2	1	DEBIT	10.00000000	USD	Concurrency test	-1
279	45c45dfa-b203-4576-8678-cd6b08bf5525	2025-12-13 12:08:55.797176+05:30	1	2	CREDIT	10.00000000	USD	Concurrency test	-1
280	059c048c-0bd5-49a1-9f93-f35c364ba1e7	2025-12-13 12:08:55.810175+05:30	2	1	DEBIT	10.00000000	USD	Concurrency test	-1
281	059c048c-0bd5-49a1-9f93-f35c364ba1e7	2025-12-13 12:08:55.810175+05:30	1	2	CREDIT	10.00000000	USD	Concurrency test	-1
282	00f584ae-4400-484d-ac73-5aad36fc331f	2025-12-13 12:08:55.870176+05:30	2	1	DEBIT	10.00000000	USD	Concurrency test	-1
283	00f584ae-4400-484d-ac73-5aad36fc331f	2025-12-13 12:08:55.870176+05:30	1	2	CREDIT	10.00000000	USD	Concurrency test	-1
284	fa088896-9b05-4cf6-92b3-f32a2de72de8	2025-12-13 12:08:55.905175+05:30	2	1	DEBIT	10.00000000	USD	Concurrency test	-1
285	fa088896-9b05-4cf6-92b3-f32a2de72de8	2025-12-13 12:08:55.905175+05:30	1	2	CREDIT	10.00000000	USD	Concurrency test	-1
286	e5e7dd06-f181-49d6-a027-94b031d3b625	2025-12-13 12:08:55.954177+05:30	2	1	DEBIT	10.00000000	USD	Concurrency test	-1
287	e5e7dd06-f181-49d6-a027-94b031d3b625	2025-12-13 12:08:55.954177+05:30	1	2	CREDIT	10.00000000	USD	Concurrency test	-1
288	80727861-09c5-4b3c-9fee-3ada1c08773c	2025-12-13 12:08:55.984176+05:30	2	1	DEBIT	10.00000000	USD	Concurrency test	-1
289	80727861-09c5-4b3c-9fee-3ada1c08773c	2025-12-13 12:08:55.984176+05:30	1	2	CREDIT	10.00000000	USD	Concurrency test	-1
290	f87a0440-786d-46fb-80e1-ba6bde61de1d	2025-12-13 12:08:56.041177+05:30	2	1	DEBIT	10.00000000	USD	Concurrency test	-1
291	f87a0440-786d-46fb-80e1-ba6bde61de1d	2025-12-13 12:08:56.041177+05:30	1	2	CREDIT	10.00000000	USD	Concurrency test	-1
292	6b865132-b4bb-4fca-8d3e-d46c96c93d9a	2025-12-13 12:08:56.064176+05:30	2	1	DEBIT	10.00000000	USD	Concurrency test	-1
293	6b865132-b4bb-4fca-8d3e-d46c96c93d9a	2025-12-13 12:08:56.064176+05:30	1	2	CREDIT	10.00000000	USD	Concurrency test	-1
294	04beb356-c4f9-4b8a-b0ff-26192905d03f	2025-12-13 12:08:56.121183+05:30	2	1	DEBIT	10.00000000	USD	Concurrency test	-1
295	04beb356-c4f9-4b8a-b0ff-26192905d03f	2025-12-13 12:08:56.121183+05:30	1	2	CREDIT	10.00000000	USD	Concurrency test	-1
296	3d9efa2b-cb7a-44c1-a4bc-f60efab376eb	2025-12-13 12:08:56.155178+05:30	2	1	DEBIT	10.00000000	USD	Concurrency test	-1
297	3d9efa2b-cb7a-44c1-a4bc-f60efab376eb	2025-12-13 12:08:56.155178+05:30	1	2	CREDIT	10.00000000	USD	Concurrency test	-1
298	c4ee4c74-d4ac-4300-9f62-9853bdc3aa91	2025-12-13 12:08:56.200178+05:30	2	1	DEBIT	10.00000000	USD	Concurrency test	-1
299	c4ee4c74-d4ac-4300-9f62-9853bdc3aa91	2025-12-13 12:08:56.200178+05:30	1	2	CREDIT	10.00000000	USD	Concurrency test	-1
300	724e59bf-812c-42ba-a828-0fee4abd916d	2025-12-13 12:08:56.221179+05:30	2	1	DEBIT	10.00000000	USD	Concurrency test	-1
301	724e59bf-812c-42ba-a828-0fee4abd916d	2025-12-13 12:08:56.221179+05:30	1	2	CREDIT	10.00000000	USD	Concurrency test	-1
302	72f23415-b24f-45e8-812e-cf5670fcf445	2025-12-13 12:08:56.241179+05:30	2	1	DEBIT	10.00000000	USD	Concurrency test	-1
303	72f23415-b24f-45e8-812e-cf5670fcf445	2025-12-13 12:08:56.241179+05:30	1	2	CREDIT	10.00000000	USD	Concurrency test	-1
304	debbd082-d2c8-476e-beba-b14fb5cbe076	2025-12-13 12:08:56.283179+05:30	2	1	DEBIT	10.00000000	USD	Concurrency test	-1
305	debbd082-d2c8-476e-beba-b14fb5cbe076	2025-12-13 12:08:56.283179+05:30	1	2	CREDIT	10.00000000	USD	Concurrency test	-1
306	026d8293-ccd8-4ce1-8c5a-edc2669169f3	2025-12-13 12:08:56.326179+05:30	2	1	DEBIT	10.00000000	USD	Concurrency test	-1
307	026d8293-ccd8-4ce1-8c5a-edc2669169f3	2025-12-13 12:08:56.326179+05:30	1	2	CREDIT	10.00000000	USD	Concurrency test	-1
308	30b68cad-ef40-4b5f-89c4-445581988ced	2025-12-13 12:08:56.36518+05:30	2	1	DEBIT	10.00000000	USD	Concurrency test	-1
309	30b68cad-ef40-4b5f-89c4-445581988ced	2025-12-13 12:08:56.36518+05:30	1	2	CREDIT	10.00000000	USD	Concurrency test	-1
310	96dee5ef-41bf-4539-8580-2a73bd9c2a7a	2025-12-13 12:08:56.38518+05:30	2	1	DEBIT	10.00000000	USD	Concurrency test	-1
311	96dee5ef-41bf-4539-8580-2a73bd9c2a7a	2025-12-13 12:08:56.38518+05:30	1	2	CREDIT	10.00000000	USD	Concurrency test	-1
312	fa2f2998-a395-4db6-a1d0-d3b136a89b9b	2025-12-13 12:08:56.42618+05:30	2	1	DEBIT	10.00000000	USD	Concurrency test	-1
313	fa2f2998-a395-4db6-a1d0-d3b136a89b9b	2025-12-13 12:08:56.42618+05:30	1	2	CREDIT	10.00000000	USD	Concurrency test	-1
314	aa30df66-33ad-4937-aac7-8d469de4c728	2025-12-13 12:08:56.46318+05:30	2	1	DEBIT	10.00000000	USD	Concurrency test	-1
315	aa30df66-33ad-4937-aac7-8d469de4c728	2025-12-13 12:08:56.46318+05:30	1	2	CREDIT	10.00000000	USD	Concurrency test	-1
316	bf822f0f-b7da-4c54-8427-aa337ea369b6	2025-12-13 12:08:56.486181+05:30	2	1	DEBIT	10.00000000	USD	Concurrency test	-1
317	bf822f0f-b7da-4c54-8427-aa337ea369b6	2025-12-13 12:08:56.486181+05:30	1	2	CREDIT	10.00000000	USD	Concurrency test	-1
318	c9c2c6f3-78d2-4bbe-ac35-f8aa47c2b0bb	2025-12-13 12:08:56.514182+05:30	2	1	DEBIT	10.00000000	USD	Concurrency test	-1
319	c9c2c6f3-78d2-4bbe-ac35-f8aa47c2b0bb	2025-12-13 12:08:56.514182+05:30	1	2	CREDIT	10.00000000	USD	Concurrency test	-1
320	0367058a-5608-4d3c-bfc8-c35d4d5cdc60	2025-12-13 12:08:56.55418+05:30	2	1	DEBIT	10.00000000	USD	Concurrency test	-1
321	0367058a-5608-4d3c-bfc8-c35d4d5cdc60	2025-12-13 12:08:56.55418+05:30	1	2	CREDIT	10.00000000	USD	Concurrency test	-1
322	034beef0-036d-493e-bd46-22203c6d7f6e	2025-12-13 12:08:56.58818+05:30	2	1	DEBIT	10.00000000	USD	Concurrency test	-1
323	034beef0-036d-493e-bd46-22203c6d7f6e	2025-12-13 12:08:56.58818+05:30	1	2	CREDIT	10.00000000	USD	Concurrency test	-1
324	067dfef8-1661-4498-9fbe-2b4e94318cf4	2025-12-13 12:08:56.609181+05:30	2	1	DEBIT	10.00000000	USD	Concurrency test	-1
325	067dfef8-1661-4498-9fbe-2b4e94318cf4	2025-12-13 12:08:56.609181+05:30	1	2	CREDIT	10.00000000	USD	Concurrency test	-1
326	8ac067d4-67a4-4e1f-910e-04bfd80617aa	2025-12-13 12:08:56.638182+05:30	2	1	DEBIT	10.00000000	USD	Concurrency test	-1
327	8ac067d4-67a4-4e1f-910e-04bfd80617aa	2025-12-13 12:08:56.638182+05:30	1	2	CREDIT	10.00000000	USD	Concurrency test	-1
328	32cc7f91-ba79-4314-bcf3-666473d09030	2025-12-13 12:08:56.672182+05:30	2	1	DEBIT	10.00000000	USD	Concurrency test	-1
329	32cc7f91-ba79-4314-bcf3-666473d09030	2025-12-13 12:08:56.672182+05:30	1	2	CREDIT	10.00000000	USD	Concurrency test	-1
330	2ed98bec-15a0-482d-8494-cc232e0d3095	2025-12-13 12:08:56.689182+05:30	2	1	DEBIT	10.00000000	USD	Concurrency test	-1
331	2ed98bec-15a0-482d-8494-cc232e0d3095	2025-12-13 12:08:56.689182+05:30	1	2	CREDIT	10.00000000	USD	Concurrency test	-1
332	8c5fab98-c1d6-4ce2-a75b-d89b83b55480	2025-12-13 12:08:56.715181+05:30	2	1	DEBIT	10.00000000	USD	Concurrency test	-1
333	8c5fab98-c1d6-4ce2-a75b-d89b83b55480	2025-12-13 12:08:56.715181+05:30	1	2	CREDIT	10.00000000	USD	Concurrency test	-1
334	141ae269-fdbd-4272-9d16-840df9357679	2025-12-13 12:08:56.729183+05:30	2	1	DEBIT	10.00000000	USD	Concurrency test	-1
335	141ae269-fdbd-4272-9d16-840df9357679	2025-12-13 12:08:56.729183+05:30	1	2	CREDIT	10.00000000	USD	Concurrency test	-1
336	daa4aa0a-d0de-4959-a516-ec19912ad74f	2025-12-13 16:05:31.349938+05:30	1	2	DEBIT	50.00000000	USD	Small transfer	1
337	daa4aa0a-d0de-4959-a516-ec19912ad74f	2025-12-13 16:05:31.349938+05:30	2	1	CREDIT	50.00000000	USD	Small transfer	1
338	65bf52a2-b07f-4293-952c-b4a2c9e5435e	2025-12-13 18:20:53.768192+05:30	1	2	DEBIT	1.00000000	USD	Large transfer	-1
339	65bf52a2-b07f-4293-952c-b4a2c9e5435e	2025-12-13 18:20:53.768192+05:30	2	1	CREDIT	1.00000000	USD	Large transfer	-1
340	ee63592d-e5c1-4c69-97c9-939a327c86a9	2025-12-13 18:39:52.979186+05:30	1	2	DEBIT	1.00000000	USD	Large transfer	-1
341	ee63592d-e5c1-4c69-97c9-939a327c86a9	2025-12-13 18:39:52.979186+05:30	2	1	CREDIT	1.00000000	USD	Large transfer	-1
342	0f8b332c-e9a6-4579-86b6-ac7dd79dd61a	2025-12-13 18:39:54.400209+05:30	1	2	DEBIT	1.00000000	USD	Large transfer	-1
343	0f8b332c-e9a6-4579-86b6-ac7dd79dd61a	2025-12-13 18:39:54.400209+05:30	2	1	CREDIT	1.00000000	USD	Large transfer	-1
344	6e6ac4ed-5a68-40ad-91ba-b5c9bdbb827a	2025-12-13 18:49:03.101227+05:30	1	2	DEBIT	2.00000000	USD	transfer	1
345	6e6ac4ed-5a68-40ad-91ba-b5c9bdbb827a	2025-12-13 18:49:03.101227+05:30	2	1	CREDIT	2.00000000	USD	transfer	1
346	5d556981-1f8e-4c7b-8538-4de643f8d093	2025-12-13 19:58:45.543851+05:30	1	2	DEBIT	1.00000000	USD	Large transfer	1
347	5d556981-1f8e-4c7b-8538-4de643f8d093	2025-12-13 19:58:45.543851+05:30	2	1	CREDIT	1.00000000	USD	Large transfer	1
348	b9ac983e-9c7c-41bb-ade6-6ea27a24e8e6	2025-12-13 20:08:34.478235+05:30	2	1	DEBIT	2.00000000	USD	Large transfer	2
349	b9ac983e-9c7c-41bb-ade6-6ea27a24e8e6	2025-12-13 20:08:34.478235+05:30	1	2	CREDIT	2.00000000	USD	Large transfer	2
350	93cab45c-5740-4ffc-b977-f40f50c991d4	2025-12-13 20:25:17.660549+05:30	2	1	DEBIT	2.00000000	USD	tea	-1
351	93cab45c-5740-4ffc-b977-f40f50c991d4	2025-12-13 20:25:17.660549+05:30	1	2	CREDIT	2.00000000	USD	tea	-1
352	7fe6ead0-eca5-4b35-aef8-28f4e6b379cb	2025-12-13 20:26:04.42723+05:30	1	2	DEBIT	10.00000000	USD	Concurrency test	-1
353	7fe6ead0-eca5-4b35-aef8-28f4e6b379cb	2025-12-13 20:26:04.42723+05:30	2	1	CREDIT	10.00000000	USD	Concurrency test	-1
354	c24d397f-218d-4e12-b4a7-c4156b970181	2025-12-13 20:26:04.498745+05:30	1	2	DEBIT	10.00000000	USD	Concurrency test	-1
355	c24d397f-218d-4e12-b4a7-c4156b970181	2025-12-13 20:26:04.498745+05:30	2	1	CREDIT	10.00000000	USD	Concurrency test	-1
356	7fa10861-d28b-4c80-b95d-ea651763f43d	2025-12-13 20:26:04.528815+05:30	1	2	DEBIT	10.00000000	USD	Concurrency test	-1
357	7fa10861-d28b-4c80-b95d-ea651763f43d	2025-12-13 20:26:04.528815+05:30	2	1	CREDIT	10.00000000	USD	Concurrency test	-1
358	ab9cca0c-aea5-4a0f-8ff4-ee1876af5b91	2025-12-13 20:26:04.561591+05:30	1	2	DEBIT	10.00000000	USD	Concurrency test	-1
359	ab9cca0c-aea5-4a0f-8ff4-ee1876af5b91	2025-12-13 20:26:04.561591+05:30	2	1	CREDIT	10.00000000	USD	Concurrency test	-1
360	a8beb436-863e-46bf-8bd6-eeb71f66d757	2025-12-13 20:26:04.636748+05:30	1	2	DEBIT	10.00000000	USD	Concurrency test	-1
361	a8beb436-863e-46bf-8bd6-eeb71f66d757	2025-12-13 20:26:04.636748+05:30	2	1	CREDIT	10.00000000	USD	Concurrency test	-1
362	16b62aee-614d-4fc7-a718-a5e413c84cb1	2025-12-13 20:26:04.660818+05:30	1	2	DEBIT	10.00000000	USD	Concurrency test	-1
363	16b62aee-614d-4fc7-a718-a5e413c84cb1	2025-12-13 20:26:04.660818+05:30	2	1	CREDIT	10.00000000	USD	Concurrency test	-1
364	137c1b51-f5cc-45f0-8c33-bc02c93ebfcd	2025-12-13 20:26:04.686131+05:30	1	2	DEBIT	10.00000000	USD	Concurrency test	-1
365	137c1b51-f5cc-45f0-8c33-bc02c93ebfcd	2025-12-13 20:26:04.686131+05:30	2	1	CREDIT	10.00000000	USD	Concurrency test	-1
366	a4c3571b-dbcc-4bc2-bece-15c8a39f2d20	2025-12-13 20:26:04.72223+05:30	1	2	DEBIT	10.00000000	USD	Concurrency test	-1
367	a4c3571b-dbcc-4bc2-bece-15c8a39f2d20	2025-12-13 20:26:04.72223+05:30	2	1	CREDIT	10.00000000	USD	Concurrency test	-1
368	b9378896-c719-4f3b-b0da-5dd8fa2fd170	2025-12-13 20:26:04.901308+05:30	1	2	DEBIT	10.00000000	USD	Concurrency test	-1
369	b9378896-c719-4f3b-b0da-5dd8fa2fd170	2025-12-13 20:26:04.901308+05:30	2	1	CREDIT	10.00000000	USD	Concurrency test	-1
370	ecb04ea2-73ab-468d-9be5-50ae958bacef	2025-12-13 20:26:04.964998+05:30	1	2	DEBIT	10.00000000	USD	Concurrency test	-1
371	ecb04ea2-73ab-468d-9be5-50ae958bacef	2025-12-13 20:26:04.964998+05:30	2	1	CREDIT	10.00000000	USD	Concurrency test	-1
372	9be1b886-9801-48d3-b073-b1039cc777a7	2025-12-13 20:26:05.002026+05:30	1	2	DEBIT	10.00000000	USD	Concurrency test	-1
373	9be1b886-9801-48d3-b073-b1039cc777a7	2025-12-13 20:26:05.002026+05:30	2	1	CREDIT	10.00000000	USD	Concurrency test	-1
374	fd6aa7ff-318f-47c1-8cc2-38eb427cded8	2025-12-13 20:26:05.045251+05:30	1	2	DEBIT	10.00000000	USD	Concurrency test	-1
375	fd6aa7ff-318f-47c1-8cc2-38eb427cded8	2025-12-13 20:26:05.045251+05:30	2	1	CREDIT	10.00000000	USD	Concurrency test	-1
376	934dc474-1a9f-40e7-a63c-f8a3f426cc85	2025-12-13 20:26:05.073277+05:30	1	2	DEBIT	10.00000000	USD	Concurrency test	-1
377	934dc474-1a9f-40e7-a63c-f8a3f426cc85	2025-12-13 20:26:05.073277+05:30	2	1	CREDIT	10.00000000	USD	Concurrency test	-1
378	f09fb894-8eab-43b6-a991-edd55c96b8f0	2025-12-13 20:26:05.095251+05:30	1	2	DEBIT	10.00000000	USD	Concurrency test	-1
379	f09fb894-8eab-43b6-a991-edd55c96b8f0	2025-12-13 20:26:05.095251+05:30	2	1	CREDIT	10.00000000	USD	Concurrency test	-1
380	7be115f4-3b2e-462e-8317-2d3aa55ab80b	2025-12-13 20:26:05.140259+05:30	1	2	DEBIT	10.00000000	USD	Concurrency test	-1
381	7be115f4-3b2e-462e-8317-2d3aa55ab80b	2025-12-13 20:26:05.140259+05:30	2	1	CREDIT	10.00000000	USD	Concurrency test	-1
382	0502c9b2-0dcb-42ec-86d0-b75838b9ef3a	2025-12-13 20:26:05.185823+05:30	1	2	DEBIT	10.00000000	USD	Concurrency test	-1
383	0502c9b2-0dcb-42ec-86d0-b75838b9ef3a	2025-12-13 20:26:05.185823+05:30	2	1	CREDIT	10.00000000	USD	Concurrency test	-1
384	700dbdbd-299f-4e3e-be29-56b231bd948d	2025-12-13 20:26:05.274498+05:30	1	2	DEBIT	10.00000000	USD	Concurrency test	-1
385	700dbdbd-299f-4e3e-be29-56b231bd948d	2025-12-13 20:26:05.274498+05:30	2	1	CREDIT	10.00000000	USD	Concurrency test	-1
386	17c62be0-0dba-4c62-8c25-73203c0ac0e4	2025-12-13 20:26:05.446085+05:30	1	2	DEBIT	10.00000000	USD	Concurrency test	-1
387	17c62be0-0dba-4c62-8c25-73203c0ac0e4	2025-12-13 20:26:05.446085+05:30	2	1	CREDIT	10.00000000	USD	Concurrency test	-1
388	78146c29-0919-44fb-9b41-ad42ae1acb9b	2025-12-13 20:26:05.516807+05:30	1	2	DEBIT	10.00000000	USD	Concurrency test	-1
389	78146c29-0919-44fb-9b41-ad42ae1acb9b	2025-12-13 20:26:05.516807+05:30	2	1	CREDIT	10.00000000	USD	Concurrency test	-1
390	9f9cd07b-613b-4249-b2b5-b1eeab8d5931	2025-12-13 20:26:05.549076+05:30	1	2	DEBIT	10.00000000	USD	Concurrency test	-1
391	9f9cd07b-613b-4249-b2b5-b1eeab8d5931	2025-12-13 20:26:05.549076+05:30	2	1	CREDIT	10.00000000	USD	Concurrency test	-1
392	a549a2bd-4ed9-4054-a4b9-3c31ca8b0237	2025-12-13 20:26:05.631174+05:30	1	2	DEBIT	10.00000000	USD	Concurrency test	-1
393	a549a2bd-4ed9-4054-a4b9-3c31ca8b0237	2025-12-13 20:26:05.631174+05:30	2	1	CREDIT	10.00000000	USD	Concurrency test	-1
394	3df61c28-69a0-4c86-8e0e-b735261d504d	2025-12-13 20:26:05.772077+05:30	1	2	DEBIT	10.00000000	USD	Concurrency test	-1
395	3df61c28-69a0-4c86-8e0e-b735261d504d	2025-12-13 20:26:05.772077+05:30	2	1	CREDIT	10.00000000	USD	Concurrency test	-1
396	8d397eb1-6c07-4857-95d1-ad56d0b91753	2025-12-13 20:26:05.803056+05:30	1	2	DEBIT	10.00000000	USD	Concurrency test	-1
397	8d397eb1-6c07-4857-95d1-ad56d0b91753	2025-12-13 20:26:05.803056+05:30	2	1	CREDIT	10.00000000	USD	Concurrency test	-1
398	1460aa5e-c583-4bf0-988a-7f7e5830d508	2025-12-13 20:26:05.858113+05:30	1	2	DEBIT	10.00000000	USD	Concurrency test	-1
399	1460aa5e-c583-4bf0-988a-7f7e5830d508	2025-12-13 20:26:05.858113+05:30	2	1	CREDIT	10.00000000	USD	Concurrency test	-1
400	e4ff2751-1a76-4a96-a72a-e9768b454d1f	2025-12-13 20:26:05.874769+05:30	1	2	DEBIT	10.00000000	USD	Concurrency test	-1
401	e4ff2751-1a76-4a96-a72a-e9768b454d1f	2025-12-13 20:26:05.874769+05:30	2	1	CREDIT	10.00000000	USD	Concurrency test	-1
402	4ecd07b2-a5d8-4c4b-a158-8ec467d3541c	2025-12-13 20:26:05.940734+05:30	1	2	DEBIT	10.00000000	USD	Concurrency test	-1
403	4ecd07b2-a5d8-4c4b-a158-8ec467d3541c	2025-12-13 20:26:05.940734+05:30	2	1	CREDIT	10.00000000	USD	Concurrency test	-1
404	82946ef5-7062-4213-acf1-a73cddd15e60	2025-12-13 20:26:05.958609+05:30	1	2	DEBIT	10.00000000	USD	Concurrency test	-1
405	82946ef5-7062-4213-acf1-a73cddd15e60	2025-12-13 20:26:05.958609+05:30	2	1	CREDIT	10.00000000	USD	Concurrency test	-1
406	65d486cd-ecd3-4cb9-8926-1448a3b08e98	2025-12-13 20:26:06.007819+05:30	1	2	DEBIT	10.00000000	USD	Concurrency test	-1
407	65d486cd-ecd3-4cb9-8926-1448a3b08e98	2025-12-13 20:26:06.007819+05:30	2	1	CREDIT	10.00000000	USD	Concurrency test	-1
408	3e315340-2672-4e6b-8e02-0779ebb661f8	2025-12-13 20:26:06.057254+05:30	1	2	DEBIT	10.00000000	USD	Concurrency test	-1
409	3e315340-2672-4e6b-8e02-0779ebb661f8	2025-12-13 20:26:06.057254+05:30	2	1	CREDIT	10.00000000	USD	Concurrency test	-1
410	1d3ba1dd-0ef7-4849-aab5-2e66212ca8f0	2025-12-13 20:26:06.162249+05:30	1	2	DEBIT	10.00000000	USD	Concurrency test	-1
411	1d3ba1dd-0ef7-4849-aab5-2e66212ca8f0	2025-12-13 20:26:06.162249+05:30	2	1	CREDIT	10.00000000	USD	Concurrency test	-1
412	e3e1553e-5fd7-4246-ad5f-9865701d1a37	2025-12-13 20:26:06.182782+05:30	1	2	DEBIT	10.00000000	USD	Concurrency test	-1
413	e3e1553e-5fd7-4246-ad5f-9865701d1a37	2025-12-13 20:26:06.182782+05:30	2	1	CREDIT	10.00000000	USD	Concurrency test	-1
416	37736c09-67ef-4547-a1df-3613053a02a7	2025-12-13 20:26:06.261633+05:30	1	2	DEBIT	10.00000000	USD	Concurrency test	-1
417	37736c09-67ef-4547-a1df-3613053a02a7	2025-12-13 20:26:06.261633+05:30	2	1	CREDIT	10.00000000	USD	Concurrency test	-1
420	a3c5595b-342a-4e71-8696-0c2deaa8dd41	2025-12-13 20:26:06.416883+05:30	1	2	DEBIT	10.00000000	USD	Concurrency test	-1
421	a3c5595b-342a-4e71-8696-0c2deaa8dd41	2025-12-13 20:26:06.416883+05:30	2	1	CREDIT	10.00000000	USD	Concurrency test	-1
422	838611db-ed89-421b-87df-5aee7e3a0ddf	2025-12-13 20:26:06.496936+05:30	1	2	DEBIT	10.00000000	USD	Concurrency test	-1
423	838611db-ed89-421b-87df-5aee7e3a0ddf	2025-12-13 20:26:06.496936+05:30	2	1	CREDIT	10.00000000	USD	Concurrency test	-1
432	57be3766-fc2b-439b-ae03-0c3a5b3ad142	2025-12-13 20:26:06.78307+05:30	1	2	DEBIT	10.00000000	USD	Concurrency test	-1
433	57be3766-fc2b-439b-ae03-0c3a5b3ad142	2025-12-13 20:26:06.783497+05:30	2	1	CREDIT	10.00000000	USD	Concurrency test	-1
434	4dbf66b8-d2b2-414c-9c9c-e415011c6ef6	2025-12-13 20:26:06.820297+05:30	1	2	DEBIT	10.00000000	USD	Concurrency test	-1
435	4dbf66b8-d2b2-414c-9c9c-e415011c6ef6	2025-12-13 20:26:06.820297+05:30	2	1	CREDIT	10.00000000	USD	Concurrency test	-1
440	54915c5e-b0c1-49d9-8179-2c824b9930a0	2025-12-13 20:26:07.064061+05:30	1	2	DEBIT	10.00000000	USD	Concurrency test	-1
441	54915c5e-b0c1-49d9-8179-2c824b9930a0	2025-12-13 20:26:07.064061+05:30	2	1	CREDIT	10.00000000	USD	Concurrency test	-1
448	e3576281-42ef-4e3e-a693-44161b0861b4	2025-12-13 20:26:36.912383+05:30	2	1	DEBIT	3.00000000	USD	party	-1
449	e3576281-42ef-4e3e-a693-44161b0861b4	2025-12-13 20:26:36.912383+05:30	1	2	CREDIT	3.00000000	USD	party	-1
414	aba13e5f-6083-49a2-b32c-294f5414c1bd	2025-12-13 20:26:06.220553+05:30	1	2	DEBIT	10.00000000	USD	Concurrency test	-1
415	aba13e5f-6083-49a2-b32c-294f5414c1bd	2025-12-13 20:26:06.220553+05:30	2	1	CREDIT	10.00000000	USD	Concurrency test	-1
444	29e98f8a-5339-4055-ac60-5d9d34834073	2025-12-13 20:26:07.144546+05:30	1	2	DEBIT	10.00000000	USD	Concurrency test	-1
445	29e98f8a-5339-4055-ac60-5d9d34834073	2025-12-13 20:26:07.144546+05:30	2	1	CREDIT	10.00000000	USD	Concurrency test	-1
418	542a5a90-3822-4f24-829a-865e50313fdf	2025-12-13 20:26:06.359807+05:30	1	2	DEBIT	10.00000000	USD	Concurrency test	-1
419	542a5a90-3822-4f24-829a-865e50313fdf	2025-12-13 20:26:06.359807+05:30	2	1	CREDIT	10.00000000	USD	Concurrency test	-1
428	1842bb0a-5492-4830-a069-ba96f1647848	2025-12-13 20:26:06.656433+05:30	1	2	DEBIT	10.00000000	USD	Concurrency test	-1
429	1842bb0a-5492-4830-a069-ba96f1647848	2025-12-13 20:26:06.656433+05:30	2	1	CREDIT	10.00000000	USD	Concurrency test	-1
424	1b83c404-5901-4595-8a3c-9a8da35aef78	2025-12-13 20:26:06.566035+05:30	1	2	DEBIT	10.00000000	USD	Concurrency test	-1
425	1b83c404-5901-4595-8a3c-9a8da35aef78	2025-12-13 20:26:06.566035+05:30	2	1	CREDIT	10.00000000	USD	Concurrency test	-1
430	06ea76e9-4192-496d-9153-6c067c8e6595	2025-12-13 20:26:06.723151+05:30	1	2	DEBIT	10.00000000	USD	Concurrency test	-1
431	06ea76e9-4192-496d-9153-6c067c8e6595	2025-12-13 20:26:06.723151+05:30	2	1	CREDIT	10.00000000	USD	Concurrency test	-1
436	0d80e0a5-b7d3-42b9-ae98-6c707ec325db	2025-12-13 20:26:06.856484+05:30	1	2	DEBIT	10.00000000	USD	Concurrency test	-1
437	0d80e0a5-b7d3-42b9-ae98-6c707ec325db	2025-12-13 20:26:06.856484+05:30	2	1	CREDIT	10.00000000	USD	Concurrency test	-1
438	57011464-f53f-4960-bfc1-5da48f82d077	2025-12-13 20:26:06.961995+05:30	1	2	DEBIT	10.00000000	USD	Concurrency test	-1
439	57011464-f53f-4960-bfc1-5da48f82d077	2025-12-13 20:26:06.961995+05:30	2	1	CREDIT	10.00000000	USD	Concurrency test	-1
446	93c84b77-8026-49ba-8f71-97007fd77adc	2025-12-13 20:26:07.227046+05:30	1	2	DEBIT	10.00000000	USD	Concurrency test	-1
447	93c84b77-8026-49ba-8f71-97007fd77adc	2025-12-13 20:26:07.227046+05:30	2	1	CREDIT	10.00000000	USD	Concurrency test	-1
426	d7584ac3-c024-46f7-a200-47bcd90d5286	2025-12-13 20:26:06.637678+05:30	1	2	DEBIT	10.00000000	USD	Concurrency test	-1
427	d7584ac3-c024-46f7-a200-47bcd90d5286	2025-12-13 20:26:06.637678+05:30	2	1	CREDIT	10.00000000	USD	Concurrency test	-1
442	07517377-7fb9-47dd-9d67-e2d3e8ee7491	2025-12-13 20:26:07.08489+05:30	1	2	DEBIT	10.00000000	USD	Concurrency test	-1
443	07517377-7fb9-47dd-9d67-e2d3e8ee7491	2025-12-13 20:26:07.08489+05:30	2	1	CREDIT	10.00000000	USD	Concurrency test	-1
450	563cc63b-df21-4a53-a11b-1263e3038249	2025-12-22 22:09:47.236941+05:30	2	1	DEBIT	200.00000000	USD		-1
451	563cc63b-df21-4a53-a11b-1263e3038249	2025-12-22 22:09:47.236941+05:30	1	2	CREDIT	200.00000000	USD		-1
452	b646b26d-879e-4519-b560-987e20f3242e	2025-12-22 22:51:43.04244+05:30	2	1	DEBIT	200.00000000	USD		-1
453	b646b26d-879e-4519-b560-987e20f3242e	2025-12-22 22:51:43.043448+05:30	1	2	CREDIT	200.00000000	USD		-1
454	efff3ac5-0b00-49ac-8846-270e21050e1a	2025-12-22 22:51:52.617081+05:30	1	2	DEBIT	10.00000000	USD	Concurrency test	-1
455	efff3ac5-0b00-49ac-8846-270e21050e1a	2025-12-22 22:51:52.617081+05:30	2	1	CREDIT	10.00000000	USD	Concurrency test	-1
456	d2459cb5-85b7-4c6a-a23b-36b443798d93	2025-12-22 22:51:52.636547+05:30	1	2	DEBIT	10.00000000	USD	Concurrency test	-1
457	d2459cb5-85b7-4c6a-a23b-36b443798d93	2025-12-22 22:51:52.636547+05:30	2	1	CREDIT	10.00000000	USD	Concurrency test	-1
458	67605aa8-53d9-4d79-8358-95d699ec737c	2025-12-22 22:51:52.67766+05:30	1	2	DEBIT	10.00000000	USD	Concurrency test	-1
459	67605aa8-53d9-4d79-8358-95d699ec737c	2025-12-22 22:51:52.67766+05:30	2	1	CREDIT	10.00000000	USD	Concurrency test	-1
460	ded04ed9-a3df-4f9c-8914-e8d52e626762	2025-12-22 22:51:52.705021+05:30	1	2	DEBIT	10.00000000	USD	Concurrency test	-1
461	ded04ed9-a3df-4f9c-8914-e8d52e626762	2025-12-22 22:51:52.705021+05:30	2	1	CREDIT	10.00000000	USD	Concurrency test	-1
462	b44428b4-7698-4407-9488-b05a541662bd	2025-12-22 22:51:52.798442+05:30	1	2	DEBIT	10.00000000	USD	Concurrency test	-1
463	b44428b4-7698-4407-9488-b05a541662bd	2025-12-22 22:51:52.798442+05:30	2	1	CREDIT	10.00000000	USD	Concurrency test	-1
464	c70facf8-4bca-4c23-910e-6c24dd32ea43	2025-12-22 22:51:52.817116+05:30	1	2	DEBIT	10.00000000	USD	Concurrency test	-1
465	c70facf8-4bca-4c23-910e-6c24dd32ea43	2025-12-22 22:51:52.817116+05:30	2	1	CREDIT	10.00000000	USD	Concurrency test	-1
466	2479165c-92ab-4039-a971-6ad72e4681f8	2025-12-22 22:51:52.867985+05:30	1	2	DEBIT	10.00000000	USD	Concurrency test	-1
467	2479165c-92ab-4039-a971-6ad72e4681f8	2025-12-22 22:51:52.868581+05:30	2	1	CREDIT	10.00000000	USD	Concurrency test	-1
468	5ca68ad3-a1e0-468e-90f4-60ba650217a2	2025-12-22 22:51:52.949183+05:30	1	2	DEBIT	10.00000000	USD	Concurrency test	-1
469	5ca68ad3-a1e0-468e-90f4-60ba650217a2	2025-12-22 22:51:52.949183+05:30	2	1	CREDIT	10.00000000	USD	Concurrency test	-1
470	bde724fb-9126-4359-8309-108ee391ac9b	2025-12-22 22:51:52.980556+05:30	1	2	DEBIT	10.00000000	USD	Concurrency test	-1
471	bde724fb-9126-4359-8309-108ee391ac9b	2025-12-22 22:51:52.980556+05:30	2	1	CREDIT	10.00000000	USD	Concurrency test	-1
472	cce126a3-7099-4011-9e8e-aa03c11a9d66	2025-12-22 22:51:53.057984+05:30	1	2	DEBIT	10.00000000	USD	Concurrency test	-1
473	cce126a3-7099-4011-9e8e-aa03c11a9d66	2025-12-22 22:51:53.057984+05:30	2	1	CREDIT	10.00000000	USD	Concurrency test	-1
474	8b71c1c0-91a2-45f6-a33b-608522fcdb66	2025-12-22 22:51:53.115639+05:30	1	2	DEBIT	10.00000000	USD	Concurrency test	-1
475	8b71c1c0-91a2-45f6-a33b-608522fcdb66	2025-12-22 22:51:53.115639+05:30	2	1	CREDIT	10.00000000	USD	Concurrency test	-1
476	a0e672fb-15e4-4cc8-a42e-3db429cd299c	2025-12-22 22:51:53.141589+05:30	1	2	DEBIT	10.00000000	USD	Concurrency test	-1
477	a0e672fb-15e4-4cc8-a42e-3db429cd299c	2025-12-22 22:51:53.141589+05:30	2	1	CREDIT	10.00000000	USD	Concurrency test	-1
478	b1b3a1d7-a520-4886-b999-9e54ffd40094	2025-12-22 22:51:53.193838+05:30	1	2	DEBIT	10.00000000	USD	Concurrency test	-1
479	b1b3a1d7-a520-4886-b999-9e54ffd40094	2025-12-22 22:51:53.193838+05:30	2	1	CREDIT	10.00000000	USD	Concurrency test	-1
480	384ae955-8b9a-4f43-aa5c-c3d5d2e1d9c5	2025-12-22 22:51:53.214505+05:30	1	2	DEBIT	10.00000000	USD	Concurrency test	-1
481	384ae955-8b9a-4f43-aa5c-c3d5d2e1d9c5	2025-12-22 22:51:53.214505+05:30	2	1	CREDIT	10.00000000	USD	Concurrency test	-1
482	52d5670c-d709-4f9a-9837-4bdba88a24f6	2025-12-22 22:51:53.284406+05:30	1	2	DEBIT	10.00000000	USD	Concurrency test	-1
483	52d5670c-d709-4f9a-9837-4bdba88a24f6	2025-12-22 22:51:53.284406+05:30	2	1	CREDIT	10.00000000	USD	Concurrency test	-1
484	89241cab-6880-439a-8794-efe62261041d	2025-12-22 22:51:53.331221+05:30	1	2	DEBIT	10.00000000	USD	Concurrency test	-1
485	89241cab-6880-439a-8794-efe62261041d	2025-12-22 22:51:53.331221+05:30	2	1	CREDIT	10.00000000	USD	Concurrency test	-1
486	b9645028-532e-4390-b283-f92bb488351c	2025-12-22 22:51:53.423987+05:30	1	2	DEBIT	10.00000000	USD	Concurrency test	-1
487	b9645028-532e-4390-b283-f92bb488351c	2025-12-22 22:51:53.423987+05:30	2	1	CREDIT	10.00000000	USD	Concurrency test	-1
488	baebe36e-2701-44b3-b763-6a1b1c01dd49	2025-12-22 22:51:53.44677+05:30	1	2	DEBIT	10.00000000	USD	Concurrency test	-1
489	baebe36e-2701-44b3-b763-6a1b1c01dd49	2025-12-22 22:51:53.44677+05:30	2	1	CREDIT	10.00000000	USD	Concurrency test	-1
490	87ab9dab-cd3d-4fa4-a60f-b39b66ecf0d4	2025-12-22 22:51:53.51265+05:30	1	2	DEBIT	10.00000000	USD	Concurrency test	-1
491	87ab9dab-cd3d-4fa4-a60f-b39b66ecf0d4	2025-12-22 22:51:53.51265+05:30	2	1	CREDIT	10.00000000	USD	Concurrency test	-1
492	261aafb4-af5d-4505-a1f2-3618c277737d	2025-12-22 22:51:53.563366+05:30	1	2	DEBIT	10.00000000	USD	Concurrency test	-1
493	261aafb4-af5d-4505-a1f2-3618c277737d	2025-12-22 22:51:53.563366+05:30	2	1	CREDIT	10.00000000	USD	Concurrency test	-1
494	76b6320a-c488-46e9-aab6-18ea129a183a	2025-12-22 22:51:53.612727+05:30	1	2	DEBIT	10.00000000	USD	Concurrency test	-1
495	76b6320a-c488-46e9-aab6-18ea129a183a	2025-12-22 22:51:53.612727+05:30	2	1	CREDIT	10.00000000	USD	Concurrency test	-1
496	1083482d-208f-47c3-9bdf-cc864c3d49b8	2025-12-22 22:51:53.700545+05:30	1	2	DEBIT	10.00000000	USD	Concurrency test	-1
497	1083482d-208f-47c3-9bdf-cc864c3d49b8	2025-12-22 22:51:53.700545+05:30	2	1	CREDIT	10.00000000	USD	Concurrency test	-1
498	f3e1f293-1d7c-4cae-b508-54694d19c852	2025-12-22 22:51:53.757767+05:30	1	2	DEBIT	10.00000000	USD	Concurrency test	-1
499	f3e1f293-1d7c-4cae-b508-54694d19c852	2025-12-22 22:51:53.757767+05:30	2	1	CREDIT	10.00000000	USD	Concurrency test	-1
500	2800712d-d676-4b86-8b46-2735ab45e741	2025-12-22 22:51:53.806766+05:30	1	2	DEBIT	10.00000000	USD	Concurrency test	-1
501	2800712d-d676-4b86-8b46-2735ab45e741	2025-12-22 22:51:53.806766+05:30	2	1	CREDIT	10.00000000	USD	Concurrency test	-1
502	2233bd38-a51c-49df-9105-f64caa08e1e6	2025-12-22 22:51:53.859712+05:30	1	2	DEBIT	10.00000000	USD	Concurrency test	-1
503	2233bd38-a51c-49df-9105-f64caa08e1e6	2025-12-22 22:51:53.859712+05:30	2	1	CREDIT	10.00000000	USD	Concurrency test	-1
504	1369a51f-e181-4b3d-b196-bd7eeafd03c9	2025-12-22 22:51:53.914993+05:30	1	2	DEBIT	10.00000000	USD	Concurrency test	-1
505	1369a51f-e181-4b3d-b196-bd7eeafd03c9	2025-12-22 22:51:53.914993+05:30	2	1	CREDIT	10.00000000	USD	Concurrency test	-1
506	0db6cc07-584d-448e-b9e2-cada342fb12a	2025-12-22 22:51:54.066391+05:30	1	2	DEBIT	10.00000000	USD	Concurrency test	-1
507	0db6cc07-584d-448e-b9e2-cada342fb12a	2025-12-22 22:51:54.066391+05:30	2	1	CREDIT	10.00000000	USD	Concurrency test	-1
508	f9bf50f1-2996-4e69-90e4-8545685c6bbd	2025-12-22 22:51:54.150113+05:30	1	2	DEBIT	10.00000000	USD	Concurrency test	-1
509	f9bf50f1-2996-4e69-90e4-8545685c6bbd	2025-12-22 22:51:54.150113+05:30	2	1	CREDIT	10.00000000	USD	Concurrency test	-1
510	e9b05912-6ffa-461e-abe6-f8676c6cbdb5	2025-12-22 22:51:54.172148+05:30	1	2	DEBIT	10.00000000	USD	Concurrency test	-1
511	e9b05912-6ffa-461e-abe6-f8676c6cbdb5	2025-12-22 22:51:54.172148+05:30	2	1	CREDIT	10.00000000	USD	Concurrency test	-1
512	d59b3127-8b00-4f9d-8f55-748eef3145f3	2025-12-22 22:51:54.226774+05:30	1	2	DEBIT	10.00000000	USD	Concurrency test	-1
513	d59b3127-8b00-4f9d-8f55-748eef3145f3	2025-12-22 22:51:54.226774+05:30	2	1	CREDIT	10.00000000	USD	Concurrency test	-1
514	4d46c44b-a65c-4696-a698-d85f0caac95e	2025-12-22 22:51:54.285224+05:30	1	2	DEBIT	10.00000000	USD	Concurrency test	-1
515	4d46c44b-a65c-4696-a698-d85f0caac95e	2025-12-22 22:51:54.285224+05:30	2	1	CREDIT	10.00000000	USD	Concurrency test	-1
518	c3e3320a-5d3f-43e3-9813-0bb50dd93a21	2025-12-22 22:51:54.353896+05:30	1	2	DEBIT	10.00000000	USD	Concurrency test	-1
519	c3e3320a-5d3f-43e3-9813-0bb50dd93a21	2025-12-22 22:51:54.353896+05:30	2	1	CREDIT	10.00000000	USD	Concurrency test	-1
520	e9cb62b4-fa3b-447d-bf5c-cb7af573ab11	2025-12-22 22:51:54.411002+05:30	1	2	DEBIT	10.00000000	USD	Concurrency test	-1
521	e9cb62b4-fa3b-447d-bf5c-cb7af573ab11	2025-12-22 22:51:54.411002+05:30	2	1	CREDIT	10.00000000	USD	Concurrency test	-1
532	f7f26677-6025-4f24-8f7c-77c4098b5ba2	2025-12-22 22:51:54.703704+05:30	1	2	DEBIT	10.00000000	USD	Concurrency test	-1
533	f7f26677-6025-4f24-8f7c-77c4098b5ba2	2025-12-22 22:51:54.703704+05:30	2	1	CREDIT	10.00000000	USD	Concurrency test	-1
536	a46518c2-6c59-42d8-bf55-bac28ce34b01	2025-12-22 22:51:54.793874+05:30	1	2	DEBIT	10.00000000	USD	Concurrency test	-1
537	a46518c2-6c59-42d8-bf55-bac28ce34b01	2025-12-22 22:51:54.793874+05:30	2	1	CREDIT	10.00000000	USD	Concurrency test	-1
542	a9f06f2b-8807-45ce-a8b3-b74b0a98ab76	2025-12-22 22:51:54.918566+05:30	1	2	DEBIT	10.00000000	USD	Concurrency test	-1
543	a9f06f2b-8807-45ce-a8b3-b74b0a98ab76	2025-12-22 22:51:54.918566+05:30	2	1	CREDIT	10.00000000	USD	Concurrency test	-1
544	46397222-5366-43b8-82a9-4968a0bf41f6	2025-12-22 22:51:54.998379+05:30	1	2	DEBIT	10.00000000	USD	Concurrency test	-1
545	46397222-5366-43b8-82a9-4968a0bf41f6	2025-12-22 22:51:54.998379+05:30	2	1	CREDIT	10.00000000	USD	Concurrency test	-1
550	17395ff7-a2c3-48db-b1e7-d5bf0967b441	2025-12-22 22:51:55.104961+05:30	1	2	DEBIT	10.00000000	USD	Concurrency test	-1
551	17395ff7-a2c3-48db-b1e7-d5bf0967b441	2025-12-22 22:51:55.104961+05:30	2	1	CREDIT	10.00000000	USD	Concurrency test	-1
516	b1adc6ca-fb80-4d65-a4cc-add19cfab604	2025-12-22 22:51:54.334584+05:30	1	2	DEBIT	10.00000000	USD	Concurrency test	-1
517	b1adc6ca-fb80-4d65-a4cc-add19cfab604	2025-12-22 22:51:54.334584+05:30	2	1	CREDIT	10.00000000	USD	Concurrency test	-1
522	daea9033-8fee-46c4-b426-2a83f9fa3755	2025-12-22 22:51:54.510277+05:30	1	2	DEBIT	10.00000000	USD	Concurrency test	-1
523	daea9033-8fee-46c4-b426-2a83f9fa3755	2025-12-22 22:51:54.510277+05:30	2	1	CREDIT	10.00000000	USD	Concurrency test	-1
526	d6876f37-0546-4b1c-a1e3-ec68bf6628c7	2025-12-22 22:51:54.592102+05:30	1	2	DEBIT	10.00000000	USD	Concurrency test	-1
527	d6876f37-0546-4b1c-a1e3-ec68bf6628c7	2025-12-22 22:51:54.592102+05:30	2	1	CREDIT	10.00000000	USD	Concurrency test	-1
530	1a9c60dd-2d00-4cda-bc1b-dd32756656c4	2025-12-22 22:51:54.683316+05:30	1	2	DEBIT	10.00000000	USD	Concurrency test	-1
531	1a9c60dd-2d00-4cda-bc1b-dd32756656c4	2025-12-22 22:51:54.683316+05:30	2	1	CREDIT	10.00000000	USD	Concurrency test	-1
534	a2fe77ab-eaca-4fa6-9326-980a305e4024	2025-12-22 22:51:54.741632+05:30	1	2	DEBIT	10.00000000	USD	Concurrency test	-1
535	a2fe77ab-eaca-4fa6-9326-980a305e4024	2025-12-22 22:51:54.741632+05:30	2	1	CREDIT	10.00000000	USD	Concurrency test	-1
538	b4486d62-1bba-4d5d-a361-0f8f5ccb70cd	2025-12-22 22:51:54.854514+05:30	1	2	DEBIT	10.00000000	USD	Concurrency test	-1
539	b4486d62-1bba-4d5d-a361-0f8f5ccb70cd	2025-12-22 22:51:54.854514+05:30	2	1	CREDIT	10.00000000	USD	Concurrency test	-1
524	e5b7c7ab-68ef-4144-bcb4-ecccff5fde93	2025-12-22 22:51:54.57843+05:30	1	2	DEBIT	10.00000000	USD	Concurrency test	-1
525	e5b7c7ab-68ef-4144-bcb4-ecccff5fde93	2025-12-22 22:51:54.57843+05:30	2	1	CREDIT	10.00000000	USD	Concurrency test	-1
540	9a9d40f6-8be1-476a-b458-6df82c38b856	2025-12-22 22:51:54.889371+05:30	1	2	DEBIT	10.00000000	USD	Concurrency test	-1
541	9a9d40f6-8be1-476a-b458-6df82c38b856	2025-12-22 22:51:54.889371+05:30	2	1	CREDIT	10.00000000	USD	Concurrency test	-1
548	72cb4b60-8cbc-4e35-9b5c-bf2ab7801b62	2025-12-22 22:51:55.066759+05:30	1	2	DEBIT	10.00000000	USD	Concurrency test	-1
549	72cb4b60-8cbc-4e35-9b5c-bf2ab7801b62	2025-12-22 22:51:55.066759+05:30	2	1	CREDIT	10.00000000	USD	Concurrency test	-1
552	481c2801-d8b4-4c7c-805c-413321e466dd	2025-12-22 22:51:55.146274+05:30	1	2	DEBIT	10.00000000	USD	Concurrency test	-1
553	481c2801-d8b4-4c7c-805c-413321e466dd	2025-12-22 22:51:55.146274+05:30	2	1	CREDIT	10.00000000	USD	Concurrency test	-1
528	2a345dbc-42f4-46ad-88e0-57ff25db5cb1	2025-12-22 22:51:54.642436+05:30	1	2	DEBIT	10.00000000	USD	Concurrency test	-1
529	2a345dbc-42f4-46ad-88e0-57ff25db5cb1	2025-12-22 22:51:54.642436+05:30	2	1	CREDIT	10.00000000	USD	Concurrency test	-1
546	a66fe9e2-c13f-4e74-aeee-c88849364fec	2025-12-22 22:51:55.013993+05:30	1	2	DEBIT	10.00000000	USD	Concurrency test	-1
547	a66fe9e2-c13f-4e74-aeee-c88849364fec	2025-12-22 22:51:55.013993+05:30	2	1	CREDIT	10.00000000	USD	Concurrency test	-1
554	c8059545-218a-4fd0-8cfc-53a243e7cbd5	2025-12-23 10:59:07.825376+05:30	2	1	DEBIT	200.00000000	USD	send	-1
555	c8059545-218a-4fd0-8cfc-53a243e7cbd5	2025-12-23 10:59:07.825376+05:30	1	2	CREDIT	200.00000000	USD	send	-1
556	c18cf3ee-18ad-4f56-9c56-197413fb52ac	2025-12-23 11:00:20.955654+05:30	2	1	DEBIT	100.00000000	USD	for coffee	-1
557	c18cf3ee-18ad-4f56-9c56-197413fb52ac	2025-12-23 11:00:20.955654+05:30	1	2	CREDIT	100.00000000	USD	for coffee	-1
558	98bad38a-4522-44d8-a601-d7384484f976	2025-12-23 11:00:34.633517+05:30	1	2	DEBIT	10.00000000	USD	Concurrency test	-1
559	98bad38a-4522-44d8-a601-d7384484f976	2025-12-23 11:00:34.634513+05:30	2	1	CREDIT	10.00000000	USD	Concurrency test	-1
560	af7e6ab8-df68-4d18-8a74-c13eebf8d0b3	2025-12-23 11:00:34.651456+05:30	1	2	DEBIT	10.00000000	USD	Concurrency test	-1
561	af7e6ab8-df68-4d18-8a74-c13eebf8d0b3	2025-12-23 11:00:34.651456+05:30	2	1	CREDIT	10.00000000	USD	Concurrency test	-1
562	133832e5-35a3-44d8-8f18-156538d7b4cf	2025-12-23 11:00:34.676373+05:30	1	2	DEBIT	10.00000000	USD	Concurrency test	-1
563	133832e5-35a3-44d8-8f18-156538d7b4cf	2025-12-23 11:00:34.676373+05:30	2	1	CREDIT	10.00000000	USD	Concurrency test	-1
564	5e4b9cf0-5f7d-45aa-983c-4a797b24e498	2025-12-23 11:00:34.716544+05:30	1	2	DEBIT	10.00000000	USD	Concurrency test	-1
565	5e4b9cf0-5f7d-45aa-983c-4a797b24e498	2025-12-23 11:00:34.716544+05:30	2	1	CREDIT	10.00000000	USD	Concurrency test	-1
566	e2f3acb9-3c7c-4e90-81d1-2f5a445f4a49	2025-12-23 11:00:34.797889+05:30	1	2	DEBIT	10.00000000	USD	Concurrency test	-1
567	e2f3acb9-3c7c-4e90-81d1-2f5a445f4a49	2025-12-23 11:00:34.797889+05:30	2	1	CREDIT	10.00000000	USD	Concurrency test	-1
568	1d66f659-dac2-4ced-957c-7e844986a3bd	2025-12-23 11:00:34.878236+05:30	1	2	DEBIT	10.00000000	USD	Concurrency test	-1
569	1d66f659-dac2-4ced-957c-7e844986a3bd	2025-12-23 11:00:34.878236+05:30	2	1	CREDIT	10.00000000	USD	Concurrency test	-1
570	e0d1cacc-b331-41e1-9038-d195ff54c13b	2025-12-23 11:00:35.025346+05:30	1	2	DEBIT	10.00000000	USD	Concurrency test	-1
571	e0d1cacc-b331-41e1-9038-d195ff54c13b	2025-12-23 11:00:35.025346+05:30	2	1	CREDIT	10.00000000	USD	Concurrency test	-1
572	66b80514-5265-4e65-95fd-a3a4582947a0	2025-12-23 11:00:35.060123+05:30	1	2	DEBIT	10.00000000	USD	Concurrency test	-1
573	66b80514-5265-4e65-95fd-a3a4582947a0	2025-12-23 11:00:35.060123+05:30	2	1	CREDIT	10.00000000	USD	Concurrency test	-1
574	660d934e-a4b1-496b-8e91-c2bf5b1931f5	2025-12-23 11:00:35.094406+05:30	1	2	DEBIT	10.00000000	USD	Concurrency test	-1
575	660d934e-a4b1-496b-8e91-c2bf5b1931f5	2025-12-23 11:00:35.094406+05:30	2	1	CREDIT	10.00000000	USD	Concurrency test	-1
576	13cae743-634c-485e-bdd1-6e3b02d780bb	2025-12-23 11:00:35.114338+05:30	1	2	DEBIT	10.00000000	USD	Concurrency test	-1
577	13cae743-634c-485e-bdd1-6e3b02d780bb	2025-12-23 11:00:35.114338+05:30	2	1	CREDIT	10.00000000	USD	Concurrency test	-1
578	6f323eb6-fe96-403b-8561-0d6c6907c012	2025-12-23 11:00:35.165492+05:30	1	2	DEBIT	10.00000000	USD	Concurrency test	-1
579	6f323eb6-fe96-403b-8561-0d6c6907c012	2025-12-23 11:00:35.165492+05:30	2	1	CREDIT	10.00000000	USD	Concurrency test	-1
580	df02d862-aa52-414d-8149-45d335cab8d3	2025-12-23 11:00:35.229446+05:30	1	2	DEBIT	10.00000000	USD	Concurrency test	-1
581	df02d862-aa52-414d-8149-45d335cab8d3	2025-12-23 11:00:35.229446+05:30	2	1	CREDIT	10.00000000	USD	Concurrency test	-1
582	0ff3142f-9706-4e6d-9455-21535dc74e46	2025-12-23 11:00:35.32308+05:30	1	2	DEBIT	10.00000000	USD	Concurrency test	-1
583	0ff3142f-9706-4e6d-9455-21535dc74e46	2025-12-23 11:00:35.324077+05:30	2	1	CREDIT	10.00000000	USD	Concurrency test	-1
584	b5af75c7-4205-458b-a862-25916c605f08	2025-12-23 11:00:35.390812+05:30	1	2	DEBIT	10.00000000	USD	Concurrency test	-1
585	b5af75c7-4205-458b-a862-25916c605f08	2025-12-23 11:00:35.390812+05:30	2	1	CREDIT	10.00000000	USD	Concurrency test	-1
586	b36a17c1-fc97-4e26-bae9-027243d1c04c	2025-12-23 11:00:35.466083+05:30	1	2	DEBIT	10.00000000	USD	Concurrency test	-1
587	b36a17c1-fc97-4e26-bae9-027243d1c04c	2025-12-23 11:00:35.466083+05:30	2	1	CREDIT	10.00000000	USD	Concurrency test	-1
588	104af2c8-beee-4be9-9008-7184ba4009d9	2025-12-23 11:00:35.511929+05:30	1	2	DEBIT	10.00000000	USD	Concurrency test	-1
589	104af2c8-beee-4be9-9008-7184ba4009d9	2025-12-23 11:00:35.511929+05:30	2	1	CREDIT	10.00000000	USD	Concurrency test	-1
590	a67659d1-2dd0-402f-9eb3-b439d57b188b	2025-12-23 11:00:35.545838+05:30	1	2	DEBIT	10.00000000	USD	Concurrency test	-1
591	a67659d1-2dd0-402f-9eb3-b439d57b188b	2025-12-23 11:00:35.545838+05:30	2	1	CREDIT	10.00000000	USD	Concurrency test	-1
592	2ee99bdd-b3e3-4643-a510-f4eca774640b	2025-12-23 11:00:35.585593+05:30	1	2	DEBIT	10.00000000	USD	Concurrency test	-1
593	2ee99bdd-b3e3-4643-a510-f4eca774640b	2025-12-23 11:00:35.585593+05:30	2	1	CREDIT	10.00000000	USD	Concurrency test	-1
594	e0ffb51e-c176-4966-a8d0-419ce90a5bc9	2025-12-23 11:00:35.613499+05:30	1	2	DEBIT	10.00000000	USD	Concurrency test	-1
595	e0ffb51e-c176-4966-a8d0-419ce90a5bc9	2025-12-23 11:00:35.613499+05:30	2	1	CREDIT	10.00000000	USD	Concurrency test	-1
596	efc771af-1fb8-41e2-9989-ffcebf530101	2025-12-23 11:00:35.75338+05:30	1	2	DEBIT	10.00000000	USD	Concurrency test	-1
597	efc771af-1fb8-41e2-9989-ffcebf530101	2025-12-23 11:00:35.75338+05:30	2	1	CREDIT	10.00000000	USD	Concurrency test	-1
598	ce9079b6-6838-470c-8523-8c96ba400170	2025-12-23 11:00:35.775308+05:30	1	2	DEBIT	10.00000000	USD	Concurrency test	-1
599	ce9079b6-6838-470c-8523-8c96ba400170	2025-12-23 11:00:35.775308+05:30	2	1	CREDIT	10.00000000	USD	Concurrency test	-1
600	361551c0-e653-4a7b-9ebd-bcf1de33f0fd	2025-12-23 11:00:35.811741+05:30	1	2	DEBIT	10.00000000	USD	Concurrency test	-1
601	361551c0-e653-4a7b-9ebd-bcf1de33f0fd	2025-12-23 11:00:35.811741+05:30	2	1	CREDIT	10.00000000	USD	Concurrency test	-1
602	ecebd573-58ed-4f74-990a-cc2d57dd4eb0	2025-12-23 11:00:35.841918+05:30	1	2	DEBIT	10.00000000	USD	Concurrency test	-1
603	ecebd573-58ed-4f74-990a-cc2d57dd4eb0	2025-12-23 11:00:35.841918+05:30	2	1	CREDIT	10.00000000	USD	Concurrency test	-1
604	dad3c8d7-438c-4a03-959c-797a0d9aa185	2025-12-23 11:00:35.904811+05:30	1	2	DEBIT	10.00000000	USD	Concurrency test	-1
605	dad3c8d7-438c-4a03-959c-797a0d9aa185	2025-12-23 11:00:35.904811+05:30	2	1	CREDIT	10.00000000	USD	Concurrency test	-1
606	3e328d49-b229-4cc7-8db3-c8208dec8f4a	2025-12-23 11:00:35.92336+05:30	1	2	DEBIT	10.00000000	USD	Concurrency test	-1
607	3e328d49-b229-4cc7-8db3-c8208dec8f4a	2025-12-23 11:00:35.92336+05:30	2	1	CREDIT	10.00000000	USD	Concurrency test	-1
608	5a7a7728-b090-4cc4-9829-f719678a44e9	2025-12-23 11:00:35.953066+05:30	1	2	DEBIT	10.00000000	USD	Concurrency test	-1
609	5a7a7728-b090-4cc4-9829-f719678a44e9	2025-12-23 11:00:35.953066+05:30	2	1	CREDIT	10.00000000	USD	Concurrency test	-1
610	95f89873-5dbb-4089-8aa0-7e3f943d3e3a	2025-12-23 11:00:35.97406+05:30	1	2	DEBIT	10.00000000	USD	Concurrency test	-1
611	95f89873-5dbb-4089-8aa0-7e3f943d3e3a	2025-12-23 11:00:35.97406+05:30	2	1	CREDIT	10.00000000	USD	Concurrency test	-1
612	405d82e7-470b-427a-8d39-a632fb9a64ac	2025-12-23 11:00:36.003663+05:30	1	2	DEBIT	10.00000000	USD	Concurrency test	-1
613	405d82e7-470b-427a-8d39-a632fb9a64ac	2025-12-23 11:00:36.003663+05:30	2	1	CREDIT	10.00000000	USD	Concurrency test	-1
614	0f083e5e-63ca-4136-88f5-9f775307fcf7	2025-12-23 11:00:36.021705+05:30	1	2	DEBIT	10.00000000	USD	Concurrency test	-1
615	0f083e5e-63ca-4136-88f5-9f775307fcf7	2025-12-23 11:00:36.021705+05:30	2	1	CREDIT	10.00000000	USD	Concurrency test	-1
616	61aa7782-a3b6-48cc-84f5-5af8d2ada9a2	2025-12-23 11:00:36.054366+05:30	1	2	DEBIT	10.00000000	USD	Concurrency test	-1
617	61aa7782-a3b6-48cc-84f5-5af8d2ada9a2	2025-12-23 11:00:36.054366+05:30	2	1	CREDIT	10.00000000	USD	Concurrency test	-1
618	db416d1d-bda7-4f9e-8ce9-447938595886	2025-12-23 20:04:50.41613+05:30	2	1	DEBIT	10.00000000	USD	Concurrency test	-1
619	db416d1d-bda7-4f9e-8ce9-447938595886	2025-12-23 20:04:50.41613+05:30	1	2	CREDIT	10.00000000	USD	Concurrency test	-1
620	92023482-6957-4668-8d9a-bc343a0849d7	2025-12-23 20:04:50.592513+05:30	2	1	DEBIT	10.00000000	USD	Concurrency test	-1
621	92023482-6957-4668-8d9a-bc343a0849d7	2025-12-23 20:04:50.592513+05:30	1	2	CREDIT	10.00000000	USD	Concurrency test	-1
622	62bb9526-b235-4432-a3ea-d80263775b6d	2025-12-23 20:04:50.686064+05:30	2	1	DEBIT	10.00000000	USD	Concurrency test	-1
623	62bb9526-b235-4432-a3ea-d80263775b6d	2025-12-23 20:04:50.686064+05:30	1	2	CREDIT	10.00000000	USD	Concurrency test	-1
624	35f32e6b-deda-41a8-b9c0-413e61c4cecd	2025-12-23 20:04:50.774937+05:30	2	1	DEBIT	10.00000000	USD	Concurrency test	-1
625	35f32e6b-deda-41a8-b9c0-413e61c4cecd	2025-12-23 20:04:50.774937+05:30	1	2	CREDIT	10.00000000	USD	Concurrency test	-1
626	c6bab165-d0bc-40cc-a644-fbd9a1a9c435	2025-12-23 20:04:50.820922+05:30	2	1	DEBIT	10.00000000	USD	Concurrency test	-1
627	c6bab165-d0bc-40cc-a644-fbd9a1a9c435	2025-12-23 20:04:50.821946+05:30	1	2	CREDIT	10.00000000	USD	Concurrency test	-1
628	75569651-22ed-4482-8d6d-f01697c972fd	2025-12-23 20:04:50.86688+05:30	2	1	DEBIT	10.00000000	USD	Concurrency test	-1
629	75569651-22ed-4482-8d6d-f01697c972fd	2025-12-23 20:04:50.86688+05:30	1	2	CREDIT	10.00000000	USD	Concurrency test	-1
630	d773382a-e0c6-4e89-a5a5-db782bac14f5	2025-12-23 20:04:50.92565+05:30	2	1	DEBIT	10.00000000	USD	Concurrency test	-1
631	d773382a-e0c6-4e89-a5a5-db782bac14f5	2025-12-23 20:04:50.92565+05:30	1	2	CREDIT	10.00000000	USD	Concurrency test	-1
632	e6583e64-bff6-4f73-940b-010d7d503556	2025-12-23 20:04:50.938669+05:30	2	1	DEBIT	10.00000000	USD	Concurrency test	-1
633	e6583e64-bff6-4f73-940b-010d7d503556	2025-12-23 20:04:50.938669+05:30	1	2	CREDIT	10.00000000	USD	Concurrency test	-1
634	8310b175-d184-4836-9e3f-1cb9705679a1	2025-12-23 20:04:51.010111+05:30	2	1	DEBIT	10.00000000	USD	Concurrency test	-1
635	8310b175-d184-4836-9e3f-1cb9705679a1	2025-12-23 20:04:51.010111+05:30	1	2	CREDIT	10.00000000	USD	Concurrency test	-1
636	114fe972-d76c-4773-99e6-6efd082dc90c	2025-12-23 20:04:51.024958+05:30	2	1	DEBIT	10.00000000	USD	Concurrency test	-1
637	114fe972-d76c-4773-99e6-6efd082dc90c	2025-12-23 20:04:51.024958+05:30	1	2	CREDIT	10.00000000	USD	Concurrency test	-1
638	1472de2c-2193-4a3d-8515-b60fcd6334f1	2025-12-23 20:04:51.097752+05:30	2	1	DEBIT	10.00000000	USD	Concurrency test	-1
639	1472de2c-2193-4a3d-8515-b60fcd6334f1	2025-12-23 20:04:51.097752+05:30	1	2	CREDIT	10.00000000	USD	Concurrency test	-1
640	4b869ec6-4c58-479a-a33b-d956cfc73041	2025-12-23 20:04:51.154825+05:30	2	1	DEBIT	10.00000000	USD	Concurrency test	-1
641	4b869ec6-4c58-479a-a33b-d956cfc73041	2025-12-23 20:04:51.154825+05:30	1	2	CREDIT	10.00000000	USD	Concurrency test	-1
642	9b4e01e4-f17d-44d3-a252-4bd51fadee87	2025-12-23 20:04:51.214596+05:30	2	1	DEBIT	10.00000000	USD	Concurrency test	-1
643	9b4e01e4-f17d-44d3-a252-4bd51fadee87	2025-12-23 20:04:51.214596+05:30	1	2	CREDIT	10.00000000	USD	Concurrency test	-1
644	cdb2a971-af37-40c6-8219-ecb9b298f4c0	2025-12-23 20:04:51.288279+05:30	2	1	DEBIT	10.00000000	USD	Concurrency test	-1
645	cdb2a971-af37-40c6-8219-ecb9b298f4c0	2025-12-23 20:04:51.288279+05:30	1	2	CREDIT	10.00000000	USD	Concurrency test	-1
646	312940e5-b40f-45bc-b3a5-6df26c8a5a7f	2025-12-23 20:04:51.401445+05:30	2	1	DEBIT	10.00000000	USD	Concurrency test	-1
647	312940e5-b40f-45bc-b3a5-6df26c8a5a7f	2025-12-23 20:04:51.401445+05:30	1	2	CREDIT	10.00000000	USD	Concurrency test	-1
648	1ee4bf42-82f2-42fe-899a-64d5fae3cf34	2025-12-23 20:04:51.421987+05:30	2	1	DEBIT	10.00000000	USD	Concurrency test	-1
649	1ee4bf42-82f2-42fe-899a-64d5fae3cf34	2025-12-23 20:04:51.421987+05:30	1	2	CREDIT	10.00000000	USD	Concurrency test	-1
650	95a1cf5b-4c82-4aae-a02e-6b62566a15d8	2025-12-23 20:04:51.47335+05:30	2	1	DEBIT	10.00000000	USD	Concurrency test	-1
651	95a1cf5b-4c82-4aae-a02e-6b62566a15d8	2025-12-23 20:04:51.47335+05:30	1	2	CREDIT	10.00000000	USD	Concurrency test	-1
652	346b4bae-be2c-47c3-9405-db14b9c94c10	2025-12-23 20:04:51.488569+05:30	2	1	DEBIT	10.00000000	USD	Concurrency test	-1
653	346b4bae-be2c-47c3-9405-db14b9c94c10	2025-12-23 20:04:51.488569+05:30	1	2	CREDIT	10.00000000	USD	Concurrency test	-1
654	a5f657cd-0969-486b-b5e5-a99090edea0d	2025-12-23 20:04:51.509013+05:30	2	1	DEBIT	10.00000000	USD	Concurrency test	-1
655	a5f657cd-0969-486b-b5e5-a99090edea0d	2025-12-23 20:04:51.509013+05:30	1	2	CREDIT	10.00000000	USD	Concurrency test	-1
656	51226025-329d-4c48-bbbc-257206984be1	2025-12-23 20:04:51.542867+05:30	2	1	DEBIT	10.00000000	USD	Concurrency test	-1
657	51226025-329d-4c48-bbbc-257206984be1	2025-12-23 20:04:51.542867+05:30	1	2	CREDIT	10.00000000	USD	Concurrency test	-1
658	4b35c968-0e68-4449-9670-fd5ecd052f43	2025-12-23 20:04:51.595907+05:30	2	1	DEBIT	10.00000000	USD	Concurrency test	-1
659	4b35c968-0e68-4449-9670-fd5ecd052f43	2025-12-23 20:04:51.595907+05:30	1	2	CREDIT	10.00000000	USD	Concurrency test	-1
660	49454574-bc23-4d86-a821-66ebe942c3e0	2025-12-23 20:04:51.621543+05:30	2	1	DEBIT	10.00000000	USD	Concurrency test	-1
661	49454574-bc23-4d86-a821-66ebe942c3e0	2025-12-23 20:04:51.621543+05:30	1	2	CREDIT	10.00000000	USD	Concurrency test	-1
662	94403b43-a7eb-4617-8b9d-43fd0cc3a901	2025-12-23 20:04:51.663357+05:30	2	1	DEBIT	10.00000000	USD	Concurrency test	-1
663	94403b43-a7eb-4617-8b9d-43fd0cc3a901	2025-12-23 20:04:51.663357+05:30	1	2	CREDIT	10.00000000	USD	Concurrency test	-1
664	3e9c1756-8b26-4025-a345-6dc1dd9f7ac3	2025-12-23 20:04:51.676226+05:30	2	1	DEBIT	10.00000000	USD	Concurrency test	-1
665	3e9c1756-8b26-4025-a345-6dc1dd9f7ac3	2025-12-23 20:04:51.676226+05:30	1	2	CREDIT	10.00000000	USD	Concurrency test	-1
666	1a62e75e-59af-4c63-bd98-c938858235d0	2025-12-23 20:04:51.715092+05:30	2	1	DEBIT	10.00000000	USD	Concurrency test	-1
667	1a62e75e-59af-4c63-bd98-c938858235d0	2025-12-23 20:04:51.715092+05:30	1	2	CREDIT	10.00000000	USD	Concurrency test	-1
668	5a591f32-42cd-4e66-b630-16ec4d1463c8	2025-12-23 20:04:51.772698+05:30	2	1	DEBIT	10.00000000	USD	Concurrency test	-1
669	5a591f32-42cd-4e66-b630-16ec4d1463c8	2025-12-23 20:04:51.772698+05:30	1	2	CREDIT	10.00000000	USD	Concurrency test	-1
670	93e294da-5d43-4031-ae2e-e412ecd09eda	2025-12-23 20:04:51.808352+05:30	2	1	DEBIT	10.00000000	USD	Concurrency test	-1
671	93e294da-5d43-4031-ae2e-e412ecd09eda	2025-12-23 20:04:51.808352+05:30	1	2	CREDIT	10.00000000	USD	Concurrency test	-1
672	9a52942c-4d75-4884-9cfd-6eef55039dde	2025-12-23 20:04:51.850577+05:30	2	1	DEBIT	10.00000000	USD	Concurrency test	-1
673	9a52942c-4d75-4884-9cfd-6eef55039dde	2025-12-23 20:04:51.850577+05:30	1	2	CREDIT	10.00000000	USD	Concurrency test	-1
674	8acdf56a-ae32-49b1-a6ca-71b7df4c656f	2025-12-23 20:04:51.900237+05:30	2	1	DEBIT	10.00000000	USD	Concurrency test	-1
675	8acdf56a-ae32-49b1-a6ca-71b7df4c656f	2025-12-23 20:04:51.900237+05:30	1	2	CREDIT	10.00000000	USD	Concurrency test	-1
676	36fad162-9eaa-407e-afae-2cd7e66f97e4	2025-12-23 20:04:51.925836+05:30	2	1	DEBIT	10.00000000	USD	Concurrency test	-1
677	36fad162-9eaa-407e-afae-2cd7e66f97e4	2025-12-23 20:04:51.925836+05:30	1	2	CREDIT	10.00000000	USD	Concurrency test	-1
678	6c8e229c-cb82-4e04-b46a-77fe3746d965	2025-12-23 20:04:51.957136+05:30	2	1	DEBIT	10.00000000	USD	Concurrency test	-1
679	6c8e229c-cb82-4e04-b46a-77fe3746d965	2025-12-23 20:04:51.957136+05:30	1	2	CREDIT	10.00000000	USD	Concurrency test	-1
680	d531f2cc-569e-42f6-8dab-0b9d31a111e4	2025-12-23 20:04:51.97139+05:30	2	1	DEBIT	10.00000000	USD	Concurrency test	-1
681	d531f2cc-569e-42f6-8dab-0b9d31a111e4	2025-12-23 20:04:51.97139+05:30	1	2	CREDIT	10.00000000	USD	Concurrency test	-1
682	1d8aa1b4-ebe8-41a9-9911-0f82ed70754e	2025-12-23 20:04:52.067238+05:30	2	1	DEBIT	10.00000000	USD	Concurrency test	-1
683	1d8aa1b4-ebe8-41a9-9911-0f82ed70754e	2025-12-23 20:04:52.067238+05:30	1	2	CREDIT	10.00000000	USD	Concurrency test	-1
684	bd4a23f1-0a21-4fdd-97a7-641771e46007	2025-12-23 20:04:52.130858+05:30	2	1	DEBIT	10.00000000	USD	Concurrency test	-1
685	bd4a23f1-0a21-4fdd-97a7-641771e46007	2025-12-23 20:04:52.130858+05:30	1	2	CREDIT	10.00000000	USD	Concurrency test	-1
686	46bdd250-a011-46c2-977f-f144fa13886e	2025-12-23 20:04:52.145164+05:30	2	1	DEBIT	10.00000000	USD	Concurrency test	-1
687	46bdd250-a011-46c2-977f-f144fa13886e	2025-12-23 20:04:52.145164+05:30	1	2	CREDIT	10.00000000	USD	Concurrency test	-1
688	c61194e7-aaf0-4322-9c1e-a4580ef3080f	2025-12-23 20:04:52.262268+05:30	2	1	DEBIT	10.00000000	USD	Concurrency test	-1
689	c61194e7-aaf0-4322-9c1e-a4580ef3080f	2025-12-23 20:04:52.262268+05:30	1	2	CREDIT	10.00000000	USD	Concurrency test	-1
692	615fde1b-ac17-496d-8e4d-a636fb35f3ab	2025-12-23 20:04:52.409167+05:30	2	1	DEBIT	10.00000000	USD	Concurrency test	-1
693	615fde1b-ac17-496d-8e4d-a636fb35f3ab	2025-12-23 20:04:52.409167+05:30	1	2	CREDIT	10.00000000	USD	Concurrency test	-1
694	9c05ac97-a682-43b6-8f7f-c0eb66998921	2025-12-23 20:04:52.458666+05:30	2	1	DEBIT	10.00000000	USD	Concurrency test	-1
695	9c05ac97-a682-43b6-8f7f-c0eb66998921	2025-12-23 20:04:52.458666+05:30	1	2	CREDIT	10.00000000	USD	Concurrency test	-1
704	deaab2d2-60f8-45c4-a1be-cdf9f374dad6	2025-12-23 20:04:52.718445+05:30	2	1	DEBIT	10.00000000	USD	Concurrency test	-1
705	deaab2d2-60f8-45c4-a1be-cdf9f374dad6	2025-12-23 20:04:52.718445+05:30	1	2	CREDIT	10.00000000	USD	Concurrency test	-1
690	908b0a71-9916-4dfb-98ac-39019de8670c	2025-12-23 20:04:52.315801+05:30	2	1	DEBIT	10.00000000	USD	Concurrency test	-1
691	908b0a71-9916-4dfb-98ac-39019de8670c	2025-12-23 20:04:52.315801+05:30	1	2	CREDIT	10.00000000	USD	Concurrency test	-1
702	965ac01d-38fd-4b29-9c9b-5a41b1c195cf	2025-12-23 20:04:52.669245+05:30	2	1	DEBIT	10.00000000	USD	Concurrency test	-1
703	965ac01d-38fd-4b29-9c9b-5a41b1c195cf	2025-12-23 20:04:52.669245+05:30	1	2	CREDIT	10.00000000	USD	Concurrency test	-1
706	38727ff9-9952-45dc-aea9-f8c53ed01f59	2025-12-23 20:04:52.752943+05:30	2	1	DEBIT	10.00000000	USD	Concurrency test	-1
707	38727ff9-9952-45dc-aea9-f8c53ed01f59	2025-12-23 20:04:52.752943+05:30	1	2	CREDIT	10.00000000	USD	Concurrency test	-1
696	4a9bdf37-b70e-451f-b137-74515e1dadb3	2025-12-23 20:04:52.529314+05:30	2	1	DEBIT	10.00000000	USD	Concurrency test	-1
697	4a9bdf37-b70e-451f-b137-74515e1dadb3	2025-12-23 20:04:52.529314+05:30	1	2	CREDIT	10.00000000	USD	Concurrency test	-1
698	b199b15e-85e4-4dc9-b84b-6f2763f23d0e	2025-12-23 20:04:52.582404+05:30	2	1	DEBIT	10.00000000	USD	Concurrency test	-1
699	b199b15e-85e4-4dc9-b84b-6f2763f23d0e	2025-12-23 20:04:52.582404+05:30	1	2	CREDIT	10.00000000	USD	Concurrency test	-1
700	3f3bf484-2718-4c66-a180-fdadda100e7d	2025-12-23 20:04:52.623401+05:30	2	1	DEBIT	10.00000000	USD	Concurrency test	-1
701	3f3bf484-2718-4c66-a180-fdadda100e7d	2025-12-23 20:04:52.623401+05:30	1	2	CREDIT	10.00000000	USD	Concurrency test	-1
708	156a6dcd-3a39-4fde-8e0c-fc22d9707b4d	2025-12-23 20:04:52.795725+05:30	2	1	DEBIT	10.00000000	USD	Concurrency test	-1
709	156a6dcd-3a39-4fde-8e0c-fc22d9707b4d	2025-12-23 20:04:52.795725+05:30	1	2	CREDIT	10.00000000	USD	Concurrency test	-1
710	e465e418-67e1-48b5-a9df-aeb490aca0f2	2025-12-23 21:23:28.708303+05:30	2	1	DEBIT	100.00000000	USD	small amount	-1
711	e465e418-67e1-48b5-a9df-aeb490aca0f2	2025-12-23 21:23:28.708303+05:30	1	2	CREDIT	100.00000000	USD	small amount	-1
712	1acc2600-3bef-4b4b-b529-f352e54f4308	2025-12-23 21:23:54.237247+05:30	1	2	DEBIT	10.00000000	USD	Concurrency test	-1
713	1acc2600-3bef-4b4b-b529-f352e54f4308	2025-12-23 21:23:54.237247+05:30	2	1	CREDIT	10.00000000	USD	Concurrency test	-1
714	ec805ae8-51e7-40de-8956-1ae3b1a59b83	2025-12-23 21:23:54.26316+05:30	1	2	DEBIT	10.00000000	USD	Concurrency test	-1
715	ec805ae8-51e7-40de-8956-1ae3b1a59b83	2025-12-23 21:23:54.26316+05:30	2	1	CREDIT	10.00000000	USD	Concurrency test	-1
716	4b3584d2-63a6-4ad1-b5ef-1b3ace288a39	2025-12-23 21:23:54.280103+05:30	1	2	DEBIT	10.00000000	USD	Concurrency test	-1
717	4b3584d2-63a6-4ad1-b5ef-1b3ace288a39	2025-12-23 21:23:54.280103+05:30	2	1	CREDIT	10.00000000	USD	Concurrency test	-1
718	ca44d1ee-510d-418c-b64e-82f6e078b34f	2025-12-23 21:23:54.33492+05:30	1	2	DEBIT	10.00000000	USD	Concurrency test	-1
719	ca44d1ee-510d-418c-b64e-82f6e078b34f	2025-12-23 21:23:54.33492+05:30	2	1	CREDIT	10.00000000	USD	Concurrency test	-1
720	d3980e0c-7d92-4e9b-9b90-ebd3eb20eed9	2025-12-23 21:23:54.41565+05:30	1	2	DEBIT	10.00000000	USD	Concurrency test	-1
721	d3980e0c-7d92-4e9b-9b90-ebd3eb20eed9	2025-12-23 21:23:54.41565+05:30	2	1	CREDIT	10.00000000	USD	Concurrency test	-1
722	cb90eb41-79c1-4ccb-b018-00f55f03899f	2025-12-23 21:23:54.45751+05:30	1	2	DEBIT	10.00000000	USD	Concurrency test	-1
723	cb90eb41-79c1-4ccb-b018-00f55f03899f	2025-12-23 21:23:54.45751+05:30	2	1	CREDIT	10.00000000	USD	Concurrency test	-1
724	fd1a7a9f-408e-45c3-a22e-3cfbcea21c02	2025-12-23 21:23:54.509337+05:30	1	2	DEBIT	10.00000000	USD	Concurrency test	-1
725	fd1a7a9f-408e-45c3-a22e-3cfbcea21c02	2025-12-23 21:23:54.509337+05:30	2	1	CREDIT	10.00000000	USD	Concurrency test	-1
726	1429812b-abb0-4e92-8f03-f782030c4765	2025-12-23 21:23:54.542227+05:30	1	2	DEBIT	10.00000000	USD	Concurrency test	-1
727	1429812b-abb0-4e92-8f03-f782030c4765	2025-12-23 21:23:54.542227+05:30	2	1	CREDIT	10.00000000	USD	Concurrency test	-1
728	dd421a25-167a-4d35-9d9d-544de4815e20	2025-12-23 21:23:54.571131+05:30	1	2	DEBIT	10.00000000	USD	Concurrency test	-1
729	dd421a25-167a-4d35-9d9d-544de4815e20	2025-12-23 21:23:54.571131+05:30	2	1	CREDIT	10.00000000	USD	Concurrency test	-1
730	530589bd-12be-41a8-9391-4d4bdeac97db	2025-12-23 21:23:54.611994+05:30	1	2	DEBIT	10.00000000	USD	Concurrency test	-1
731	530589bd-12be-41a8-9391-4d4bdeac97db	2025-12-23 21:23:54.611994+05:30	2	1	CREDIT	10.00000000	USD	Concurrency test	-1
732	f1aef081-32b3-42ee-9dc5-44c79064ce32	2025-12-23 21:23:54.669802+05:30	1	2	DEBIT	10.00000000	USD	Concurrency test	-1
733	f1aef081-32b3-42ee-9dc5-44c79064ce32	2025-12-23 21:23:54.669802+05:30	2	1	CREDIT	10.00000000	USD	Concurrency test	-1
734	4fed8f1d-3cbf-4bbe-b6f2-4affe3246e06	2025-12-23 21:23:54.705682+05:30	1	2	DEBIT	10.00000000	USD	Concurrency test	-1
735	4fed8f1d-3cbf-4bbe-b6f2-4affe3246e06	2025-12-23 21:23:54.705682+05:30	2	1	CREDIT	10.00000000	USD	Concurrency test	-1
736	58bce82f-432d-4700-a466-e62c3b830fc9	2025-12-23 21:23:54.733588+05:30	1	2	DEBIT	10.00000000	USD	Concurrency test	-1
737	58bce82f-432d-4700-a466-e62c3b830fc9	2025-12-23 21:23:54.733588+05:30	2	1	CREDIT	10.00000000	USD	Concurrency test	-1
738	97b30107-c18e-4c01-ab6f-ec08a7cb8b45	2025-12-23 21:23:54.782425+05:30	1	2	DEBIT	10.00000000	USD	Concurrency test	-1
739	97b30107-c18e-4c01-ab6f-ec08a7cb8b45	2025-12-23 21:23:54.782425+05:30	2	1	CREDIT	10.00000000	USD	Concurrency test	-1
740	c0863649-dedd-447a-8c27-ded2250fde10	2025-12-23 21:23:54.805861+05:30	1	2	DEBIT	10.00000000	USD	Concurrency test	-1
741	c0863649-dedd-447a-8c27-ded2250fde10	2025-12-23 21:23:54.805861+05:30	2	1	CREDIT	10.00000000	USD	Concurrency test	-1
742	0e6ac0c8-35f1-44a2-b5f6-74da73a78340	2025-12-23 21:23:54.838752+05:30	1	2	DEBIT	10.00000000	USD	Concurrency test	-1
743	0e6ac0c8-35f1-44a2-b5f6-74da73a78340	2025-12-23 21:23:54.838752+05:30	2	1	CREDIT	10.00000000	USD	Concurrency test	-1
744	ab579d64-195f-4166-a50b-3b07baa8c070	2025-12-23 21:23:54.854699+05:30	1	2	DEBIT	10.00000000	USD	Concurrency test	-1
745	ab579d64-195f-4166-a50b-3b07baa8c070	2025-12-23 21:23:54.854699+05:30	2	1	CREDIT	10.00000000	USD	Concurrency test	-1
746	343f2831-b01e-40b7-9df4-f9d828a60c55	2025-12-23 21:23:54.878619+05:30	1	2	DEBIT	10.00000000	USD	Concurrency test	-1
747	343f2831-b01e-40b7-9df4-f9d828a60c55	2025-12-23 21:23:54.878619+05:30	2	1	CREDIT	10.00000000	USD	Concurrency test	-1
748	bce1d7ea-6b7c-44b3-b90d-a31542d05e1b	2025-12-23 21:23:54.886591+05:30	1	2	DEBIT	10.00000000	USD	Concurrency test	-1
749	bce1d7ea-6b7c-44b3-b90d-a31542d05e1b	2025-12-23 21:23:54.886591+05:30	2	1	CREDIT	10.00000000	USD	Concurrency test	-1
750	69c9e573-682e-41b0-be6e-d431d60a7ff2	2025-12-23 21:23:54.929449+05:30	1	2	DEBIT	10.00000000	USD	Concurrency test	-1
751	69c9e573-682e-41b0-be6e-d431d60a7ff2	2025-12-23 21:23:54.929449+05:30	2	1	CREDIT	10.00000000	USD	Concurrency test	-1
752	2801aa55-135f-4612-ac48-584930d7b9fc	2025-12-23 21:23:54.944398+05:30	1	2	DEBIT	10.00000000	USD	Concurrency test	-1
753	2801aa55-135f-4612-ac48-584930d7b9fc	2025-12-23 21:23:54.944398+05:30	2	1	CREDIT	10.00000000	USD	Concurrency test	-1
754	bc7abb43-0dfc-4916-b74d-e73de1de61a6	2025-12-23 21:23:54.982273+05:30	1	2	DEBIT	10.00000000	USD	Concurrency test	-1
755	bc7abb43-0dfc-4916-b74d-e73de1de61a6	2025-12-23 21:23:54.982273+05:30	2	1	CREDIT	10.00000000	USD	Concurrency test	-1
756	c832bf1d-114d-4a70-a717-ba6bc36c9ebf	2025-12-23 21:23:55.018153+05:30	1	2	DEBIT	10.00000000	USD	Concurrency test	-1
757	c832bf1d-114d-4a70-a717-ba6bc36c9ebf	2025-12-23 21:23:55.018153+05:30	2	1	CREDIT	10.00000000	USD	Concurrency test	-1
758	894c6b44-ccc0-4752-a2b1-762e282df901	2025-12-23 21:23:55.095893+05:30	1	2	DEBIT	10.00000000	USD	Concurrency test	-1
759	894c6b44-ccc0-4752-a2b1-762e282df901	2025-12-23 21:23:55.095893+05:30	2	1	CREDIT	10.00000000	USD	Concurrency test	-1
760	14031c1d-95fa-41e8-81ba-c133115fc014	2025-12-23 21:23:55.109846+05:30	1	2	DEBIT	10.00000000	USD	Concurrency test	-1
761	14031c1d-95fa-41e8-81ba-c133115fc014	2025-12-23 21:23:55.109846+05:30	2	1	CREDIT	10.00000000	USD	Concurrency test	-1
762	9bd3a9e4-5073-46eb-bd18-d8f003a253a8	2025-12-23 21:23:55.13875+05:30	1	2	DEBIT	10.00000000	USD	Concurrency test	-1
763	9bd3a9e4-5073-46eb-bd18-d8f003a253a8	2025-12-23 21:23:55.13875+05:30	2	1	CREDIT	10.00000000	USD	Concurrency test	-1
764	00780de1-aa55-4f51-ba5b-3f845000812b	2025-12-23 21:23:55.167653+05:30	1	2	DEBIT	10.00000000	USD	Concurrency test	-1
765	00780de1-aa55-4f51-ba5b-3f845000812b	2025-12-23 21:23:55.167653+05:30	2	1	CREDIT	10.00000000	USD	Concurrency test	-1
766	0189c741-481b-4fcc-a30c-dfab59e471b1	2025-12-23 21:23:55.20752+05:30	1	2	DEBIT	10.00000000	USD	Concurrency test	-1
767	0189c741-481b-4fcc-a30c-dfab59e471b1	2025-12-23 21:23:55.20752+05:30	2	1	CREDIT	10.00000000	USD	Concurrency test	-1
768	92d8f734-ad07-4638-829e-4705ec57436d	2025-12-23 21:23:55.227454+05:30	1	2	DEBIT	10.00000000	USD	Concurrency test	-1
769	92d8f734-ad07-4638-829e-4705ec57436d	2025-12-23 21:23:55.227454+05:30	2	1	CREDIT	10.00000000	USD	Concurrency test	-1
770	100fa4d0-86c4-4a99-9c87-b4624839fea5	2025-12-23 21:23:55.27629+05:30	1	2	DEBIT	10.00000000	USD	Concurrency test	-1
771	100fa4d0-86c4-4a99-9c87-b4624839fea5	2025-12-23 21:23:55.27629+05:30	2	1	CREDIT	10.00000000	USD	Concurrency test	-1
772	acd95b94-aed2-4c89-ab9a-5d374d65bd62	2025-12-23 21:23:55.320144+05:30	1	2	DEBIT	10.00000000	USD	Concurrency test	-1
773	acd95b94-aed2-4c89-ab9a-5d374d65bd62	2025-12-23 21:23:55.320144+05:30	2	1	CREDIT	10.00000000	USD	Concurrency test	-1
774	d1150d79-23e8-4df3-b242-b7dce7267bff	2025-12-23 21:23:55.372968+05:30	1	2	DEBIT	10.00000000	USD	Concurrency test	-1
775	d1150d79-23e8-4df3-b242-b7dce7267bff	2025-12-23 21:23:55.372968+05:30	2	1	CREDIT	10.00000000	USD	Concurrency test	-1
776	3bcb08ff-3fb1-4426-8e6e-449dea17d243	2025-12-23 21:23:55.386921+05:30	1	2	DEBIT	10.00000000	USD	Concurrency test	-1
777	3bcb08ff-3fb1-4426-8e6e-449dea17d243	2025-12-23 21:23:55.386921+05:30	2	1	CREDIT	10.00000000	USD	Concurrency test	-1
778	724660b2-4141-4313-8429-635d41e7bc72	2025-12-23 21:23:55.410841+05:30	1	2	DEBIT	10.00000000	USD	Concurrency test	-1
779	724660b2-4141-4313-8429-635d41e7bc72	2025-12-23 21:23:55.410841+05:30	2	1	CREDIT	10.00000000	USD	Concurrency test	-1
792	ce704118-6b99-4d6a-b36e-e5dfffeac924	2025-12-23 21:23:55.627632+05:30	1	2	DEBIT	10.00000000	USD	Concurrency test	-1
793	ce704118-6b99-4d6a-b36e-e5dfffeac924	2025-12-23 21:23:55.627632+05:30	2	1	CREDIT	10.00000000	USD	Concurrency test	-1
780	4e461479-be8b-40c4-983a-2070f3b19295	2025-12-23 21:23:55.449711+05:30	1	2	DEBIT	10.00000000	USD	Concurrency test	-1
781	4e461479-be8b-40c4-983a-2070f3b19295	2025-12-23 21:23:55.449711+05:30	2	1	CREDIT	10.00000000	USD	Concurrency test	-1
784	989bdefa-d11a-4b11-9f90-a53fc46ca901	2025-12-23 21:23:55.48659+05:30	1	2	DEBIT	10.00000000	USD	Concurrency test	-1
785	989bdefa-d11a-4b11-9f90-a53fc46ca901	2025-12-23 21:23:55.48659+05:30	2	1	CREDIT	10.00000000	USD	Concurrency test	-1
800	24f50e6c-5f04-4652-ad1e-4fc07d9140bd	2025-12-23 21:23:55.713859+05:30	1	2	DEBIT	10.00000000	USD	Concurrency test	-1
801	24f50e6c-5f04-4652-ad1e-4fc07d9140bd	2025-12-23 21:23:55.713859+05:30	2	1	CREDIT	10.00000000	USD	Concurrency test	-1
782	21f2bd62-88a0-4456-bb08-2063241ea51e	2025-12-23 21:23:55.457685+05:30	1	2	DEBIT	10.00000000	USD	Concurrency test	-1
783	21f2bd62-88a0-4456-bb08-2063241ea51e	2025-12-23 21:23:55.457685+05:30	2	1	CREDIT	10.00000000	USD	Concurrency test	-1
794	13e2ca61-925d-41ff-a738-876238244369	2025-12-23 21:23:55.640589+05:30	1	2	DEBIT	10.00000000	USD	Concurrency test	-1
795	13e2ca61-925d-41ff-a738-876238244369	2025-12-23 21:23:55.640589+05:30	2	1	CREDIT	10.00000000	USD	Concurrency test	-1
796	c9159aee-8dd3-4059-ac96-244946d7223e	2025-12-23 21:23:55.670488+05:30	1	2	DEBIT	10.00000000	USD	Concurrency test	-1
797	c9159aee-8dd3-4059-ac96-244946d7223e	2025-12-23 21:23:55.670488+05:30	2	1	CREDIT	10.00000000	USD	Concurrency test	-1
786	6410929c-9913-4d8d-9d82-183d4ad7184d	2025-12-23 21:23:55.519478+05:30	1	2	DEBIT	10.00000000	USD	Concurrency test	-1
787	6410929c-9913-4d8d-9d82-183d4ad7184d	2025-12-23 21:23:55.519478+05:30	2	1	CREDIT	10.00000000	USD	Concurrency test	-1
790	b7e69bf3-16f1-4ff2-8947-ff7baa29e82d	2025-12-23 21:23:55.590242+05:30	1	2	DEBIT	10.00000000	USD	Concurrency test	-1
791	b7e69bf3-16f1-4ff2-8947-ff7baa29e82d	2025-12-23 21:23:55.590242+05:30	2	1	CREDIT	10.00000000	USD	Concurrency test	-1
788	53fe307f-1b44-49ae-873f-8a3a841ac9e5	2025-12-23 21:23:55.553365+05:30	1	2	DEBIT	10.00000000	USD	Concurrency test	-1
789	53fe307f-1b44-49ae-873f-8a3a841ac9e5	2025-12-23 21:23:55.553365+05:30	2	1	CREDIT	10.00000000	USD	Concurrency test	-1
798	9d6878e0-5c13-4756-afca-5463edb1fed0	2025-12-23 21:23:55.683445+05:30	1	2	DEBIT	10.00000000	USD	Concurrency test	-1
799	9d6878e0-5c13-4756-afca-5463edb1fed0	2025-12-23 21:23:55.683445+05:30	2	1	CREDIT	10.00000000	USD	Concurrency test	-1
802	08a7e6e3-9576-4e57-a7c1-c3c23f19babe	2025-12-24 21:44:16.426308+05:30	2	1	DEBIT	2.00000000	USD	large	-1
803	08a7e6e3-9576-4e57-a7c1-c3c23f19babe	2025-12-24 21:44:16.426308+05:30	1	2	CREDIT	2.00000000	USD	large	-1
804	e1747972-d6fc-4735-90d2-d5f3484e273e	2025-12-24 21:46:00.877355+05:30	2	1	DEBIT	1.00000000	USD		-1
805	e1747972-d6fc-4735-90d2-d5f3484e273e	2025-12-24 21:46:00.877355+05:30	1	2	CREDIT	1.00000000	USD		-1
806	a2d1b085-6e72-49ec-983d-b18130457d1f	2025-12-24 21:49:55.777438+05:30	2	1	DEBIT	1.00000000	USD		-1
807	a2d1b085-6e72-49ec-983d-b18130457d1f	2025-12-24 21:49:55.777438+05:30	1	2	CREDIT	1.00000000	USD		-1
808	f2e2b9c5-f6f9-408f-b156-c3dbaf9177cf	2025-12-27 12:00:45.151466+05:30	2	1	DEBIT	10.00000000	USD		-1
809	f2e2b9c5-f6f9-408f-b156-c3dbaf9177cf	2025-12-27 12:00:45.151466+05:30	1	2	CREDIT	10.00000000	USD		-1
810	59a88fee-f71d-4a22-b213-2bf25e67d47c	2025-12-27 13:28:49.196392+05:30	2	1	DEBIT	12.00000000	USD		-1
811	59a88fee-f71d-4a22-b213-2bf25e67d47c	2025-12-27 13:28:49.196392+05:30	1	2	CREDIT	12.00000000	USD		-1
812	30698292-9b46-45e3-8f98-1239f0c60a20	2025-12-27 14:13:40.970309+05:30	2	1	DEBIT	2.00000000	USD		-1
813	30698292-9b46-45e3-8f98-1239f0c60a20	2025-12-27 14:13:40.970309+05:30	1	2	CREDIT	2.00000000	USD		-1
814	afdbd636-3ac0-438b-aac7-9385452201f9	2025-12-27 15:36:14.689157+05:30	2	1	DEBIT	20.00000000	USD	OTP test transfer	-1
815	afdbd636-3ac0-438b-aac7-9385452201f9	2025-12-27 15:36:14.689157+05:30	1	2	CREDIT	20.00000000	USD	OTP test transfer	-1
816	a7ff84e2-1606-4165-98bc-b88ad60cd40e	2025-12-27 15:56:53.298521+05:30	2	1	DEBIT	10000.00000000	USD	OTP test transfer	1
817	a7ff84e2-1606-4165-98bc-b88ad60cd40e	2025-12-27 15:56:53.298521+05:30	1	2	CREDIT	10000.00000000	USD	OTP test transfer	1
818	90a86ec3-574c-4788-bba2-eab041358da7	2025-12-27 16:07:38.325102+05:30	2	1	DEBIT	2000.00000000	USD	Normal transfer	1
819	90a86ec3-574c-4788-bba2-eab041358da7	2025-12-27 16:07:38.325102+05:30	1	2	CREDIT	2000.00000000	USD	Normal transfer	1
820	7a636ba1-63f2-40c4-8b39-0a52abddfba9	2025-12-27 16:35:47.010144+05:30	2	1	DEBIT	10.00000000	USD	OTP transfer	1
821	7a636ba1-63f2-40c4-8b39-0a52abddfba9	2025-12-27 16:35:47.010144+05:30	1	2	CREDIT	10.00000000	USD	OTP transfer	1
822	dcb1e742-46ae-4aa8-aada-68b4619e25be	2025-12-27 19:16:04.895978+05:30	1	2	DEBIT	2000.00000000	USD	Normal transfer	1
823	dcb1e742-46ae-4aa8-aada-68b4619e25be	2025-12-27 19:16:04.895978+05:30	2	1	CREDIT	2000.00000000	USD	Normal transfer	1
824	65c58b0e-7157-468f-b4f5-7ef7104c99a3	2025-12-27 19:21:22.950153+05:30	2	1	DEBIT	2.00000000	USD	transfer	1
825	65c58b0e-7157-468f-b4f5-7ef7104c99a3	2025-12-27 19:21:22.950153+05:30	1	2	CREDIT	2.00000000	USD	transfer	1
826	2bf248ae-d55a-452e-bdea-67d9609b0c3c	2025-12-27 20:17:52.988109+05:30	2	1	DEBIT	20000.00000000	USD	OTP verified transfer	1
827	2bf248ae-d55a-452e-bdea-67d9609b0c3c	2025-12-27 20:17:52.988109+05:30	1	2	CREDIT	20000.00000000	USD	OTP verified transfer	1
828	e081df59-9cfc-4f6c-8a9d-a9b3d15d185b	2025-12-28 20:04:20.348475+05:30	1	2	DEBIT	20000.00000000	USD	OTP verified transfer	1
829	e081df59-9cfc-4f6c-8a9d-a9b3d15d185b	2025-12-28 20:04:20.348475+05:30	2	1	CREDIT	20000.00000000	USD	OTP verified transfer	1
830	cfb03ed4-6990-43bb-94e4-843a48c5a753	2025-12-28 20:06:49.979218+05:30	2	1	DEBIT	20000.00000000	USD	OTP verified transfer	1
831	cfb03ed4-6990-43bb-94e4-843a48c5a753	2025-12-28 20:06:49.979218+05:30	1	2	CREDIT	20000.00000000	USD	OTP verified transfer	1
832	44d89afd-795a-46a9-b07d-74f06df9a9f6	2025-12-28 20:31:48.439278+05:30	1	2	DEBIT	20000.00000000	USD	OTP verified transfer	1
833	44d89afd-795a-46a9-b07d-74f06df9a9f6	2025-12-28 20:31:48.439278+05:30	2	1	CREDIT	20000.00000000	USD	OTP verified transfer	1
834	4a9a7203-4079-4a1c-9fc1-427a8e668f60	2025-12-31 16:03:26.340842+05:30	1	2	DEBIT	100.00000000	USD	party	1
835	4a9a7203-4079-4a1c-9fc1-427a8e668f60	2025-12-31 16:03:26.340842+05:30	2	1	CREDIT	100.00000000	USD	party	1
836	3fc444b7-18b1-4579-bb6f-7a05f00798c7	2026-01-02 10:22:15.055998+05:30	2	1	DEBIT	10.00000000	USD	new year	1
837	3fc444b7-18b1-4579-bb6f-7a05f00798c7	2026-01-02 10:22:15.055998+05:30	1	2	CREDIT	10.00000000	USD	new year	1
844	7a9b9abb-01b1-4d4b-8d4a-bcc2e4ba0eb9	2026-01-04 18:41:32.303108+05:30	2	1	DEBIT	100.00000000	USD	jan 4th	1
845	7a9b9abb-01b1-4d4b-8d4a-bcc2e4ba0eb9	2026-01-04 18:41:32.303108+05:30	1	2	CREDIT	100.00000000	USD	jan 4th	1
846	4e45a100-4077-45c6-9c27-505a1fd44b52	2026-01-04 18:41:59.296+05:30	2	1	DEBIT	20000.00000000	USD	OTP verified transfer	1
847	4e45a100-4077-45c6-9c27-505a1fd44b52	2026-01-04 18:41:59.296+05:30	1	2	CREDIT	20000.00000000	USD	OTP verified transfer	1
848	823f9b55-0bbb-44b4-a9a5-1c3a38df0b98	2026-01-05 16:01:35.892798+05:30	3	2	DEBIT	20000.00000000	USD	OTP verified transfer	3
849	823f9b55-0bbb-44b4-a9a5-1c3a38df0b98	2026-01-05 16:01:35.893803+05:30	2	3	CREDIT	20000.00000000	USD	OTP verified transfer	3
850	6b329131-676f-4255-89ce-26499d702f2e	2026-01-05 16:14:51.250601+05:30	3	2	DEBIT	10.00000000	USD	Concurrency Test	3
851	6b329131-676f-4255-89ce-26499d702f2e	2026-01-05 16:14:51.250601+05:30	2	3	CREDIT	10.00000000	USD	Concurrency Test	3
852	de3b2fab-5bea-4abe-9f87-2a45925c2f8e	2026-01-05 16:14:51.275517+05:30	3	2	DEBIT	10.00000000	USD	Concurrency Test	3
853	de3b2fab-5bea-4abe-9f87-2a45925c2f8e	2026-01-05 16:14:51.275517+05:30	2	3	CREDIT	10.00000000	USD	Concurrency Test	3
854	8af85d5f-13b4-46d0-83f9-162707a6882d	2026-01-05 16:14:51.294454+05:30	3	2	DEBIT	10.00000000	USD	Concurrency Test	3
855	8af85d5f-13b4-46d0-83f9-162707a6882d	2026-01-05 16:14:51.294454+05:30	2	3	CREDIT	10.00000000	USD	Concurrency Test	3
856	a67667f7-aabb-4065-9525-82c79b3e9031	2026-01-05 16:14:51.361231+05:30	3	2	DEBIT	10.00000000	USD	Concurrency Test	3
857	a67667f7-aabb-4065-9525-82c79b3e9031	2026-01-05 16:14:51.361231+05:30	2	3	CREDIT	10.00000000	USD	Concurrency Test	3
858	131a5317-c282-4d73-9ff1-b8fb31f3fe72	2026-01-05 16:14:51.422028+05:30	3	2	DEBIT	10.00000000	USD	Concurrency Test	3
859	131a5317-c282-4d73-9ff1-b8fb31f3fe72	2026-01-05 16:14:51.422028+05:30	2	3	CREDIT	10.00000000	USD	Concurrency Test	3
860	cdd5a410-0cd2-481d-9338-01483093b57b	2026-01-05 16:14:51.488805+05:30	3	2	DEBIT	10.00000000	USD	Concurrency Test	3
861	cdd5a410-0cd2-481d-9338-01483093b57b	2026-01-05 16:14:51.488805+05:30	2	3	CREDIT	10.00000000	USD	Concurrency Test	3
862	3fbd0290-c97e-4ab1-8b56-54c3d5c5976b	2026-01-05 16:14:51.537642+05:30	3	2	DEBIT	10.00000000	USD	Concurrency Test	3
863	3fbd0290-c97e-4ab1-8b56-54c3d5c5976b	2026-01-05 16:14:51.537642+05:30	2	3	CREDIT	10.00000000	USD	Concurrency Test	3
864	8dd6ab78-433a-4a26-b83d-b87c1fc87706	2026-01-05 16:14:51.562558+05:30	3	2	DEBIT	10.00000000	USD	Concurrency Test	3
865	8dd6ab78-433a-4a26-b83d-b87c1fc87706	2026-01-05 16:14:51.562558+05:30	2	3	CREDIT	10.00000000	USD	Concurrency Test	3
866	19ea1f59-b08a-479c-b5d0-0a967ac3917f	2026-01-05 16:14:51.611396+05:30	3	2	DEBIT	10.00000000	USD	Concurrency Test	3
867	19ea1f59-b08a-479c-b5d0-0a967ac3917f	2026-01-05 16:14:51.611396+05:30	2	3	CREDIT	10.00000000	USD	Concurrency Test	3
868	2a339d82-3408-4342-80d2-c5a2be72b3fe	2026-01-05 16:14:51.678173+05:30	3	2	DEBIT	10.00000000	USD	Concurrency Test	3
869	2a339d82-3408-4342-80d2-c5a2be72b3fe	2026-01-05 16:14:51.678173+05:30	2	3	CREDIT	10.00000000	USD	Concurrency Test	3
870	8232a859-6d44-455e-ad98-49f88658e38b	2026-01-05 16:14:51.736978+05:30	3	2	DEBIT	10.00000000	USD	Concurrency Test	3
871	8232a859-6d44-455e-ad98-49f88658e38b	2026-01-05 16:14:51.736978+05:30	2	3	CREDIT	10.00000000	USD	Concurrency Test	3
876	c9f5b285-f1de-479a-b2b8-233dc30a3a39	2026-01-05 16:14:51.806745+05:30	3	2	DEBIT	10.00000000	USD	Concurrency Test	3
877	c9f5b285-f1de-479a-b2b8-233dc30a3a39	2026-01-05 16:14:51.806745+05:30	2	3	CREDIT	10.00000000	USD	Concurrency Test	3
878	e6cff19e-091b-4289-b7e1-9ed67ab9276e	2026-01-05 16:18:08.114243+05:30	2	1	DEBIT	10.00000000	USD	Concurrency Test	3
879	e6cff19e-091b-4289-b7e1-9ed67ab9276e	2026-01-05 16:18:08.114243+05:30	1	2	CREDIT	10.00000000	USD	Concurrency Test	3
880	fa86caa4-10ca-43fa-9add-796420c6add6	2026-01-05 16:18:08.159092+05:30	2	1	DEBIT	10.00000000	USD	Concurrency Test	3
881	fa86caa4-10ca-43fa-9add-796420c6add6	2026-01-05 16:18:08.159092+05:30	1	2	CREDIT	10.00000000	USD	Concurrency Test	3
888	f95655dd-240c-4c4a-bbd7-41cc81347545	2026-01-05 16:18:08.268726+05:30	2	1	DEBIT	10.00000000	USD	Concurrency Test	3
889	f95655dd-240c-4c4a-bbd7-41cc81347545	2026-01-05 16:18:08.268726+05:30	1	2	CREDIT	10.00000000	USD	Concurrency Test	3
892	7c82ba4c-02d7-4853-898e-bf7841631427	2026-01-05 16:18:08.348462+05:30	2	1	DEBIT	10.00000000	USD	Concurrency Test	3
893	7c82ba4c-02d7-4853-898e-bf7841631427	2026-01-05 16:18:08.348462+05:30	1	2	CREDIT	10.00000000	USD	Concurrency Test	3
910	263e439b-1f88-457e-8a8c-e5479220602b	2026-01-05 16:18:09.72586+05:30	2	1	DEBIT	10.00000000	USD	Concurrency Test	3
911	263e439b-1f88-457e-8a8c-e5479220602b	2026-01-05 16:18:09.72586+05:30	1	2	CREDIT	10.00000000	USD	Concurrency Test	3
922	6ce63a61-12a5-4ed0-8548-4aba8009598a	2026-01-05 16:18:09.882338+05:30	2	1	DEBIT	10.00000000	USD	Concurrency Test	3
923	6ce63a61-12a5-4ed0-8548-4aba8009598a	2026-01-05 16:18:09.882338+05:30	1	2	CREDIT	10.00000000	USD	Concurrency Test	3
942	392aa5e4-bb3c-4830-832d-30046d70bdbe	2026-01-05 16:18:10.567051+05:30	2	1	DEBIT	10.00000000	USD	Concurrency Test	3
943	392aa5e4-bb3c-4830-832d-30046d70bdbe	2026-01-05 16:18:10.567051+05:30	1	2	CREDIT	10.00000000	USD	Concurrency Test	3
964	dbd67d6a-b05f-405b-983f-72b3c0f6ade7	2026-01-05 16:18:10.881003+05:30	2	1	DEBIT	10.00000000	USD	Concurrency Test	3
965	dbd67d6a-b05f-405b-983f-72b3c0f6ade7	2026-01-05 16:18:10.881003+05:30	1	2	CREDIT	10.00000000	USD	Concurrency Test	3
1006	aae48b45-4bd4-4aa2-96f9-3e82e236a253	2026-01-05 16:18:11.439139+05:30	2	1	DEBIT	10.00000000	USD	Concurrency Test	3
1007	aae48b45-4bd4-4aa2-96f9-3e82e236a253	2026-01-05 16:18:11.439139+05:30	1	2	CREDIT	10.00000000	USD	Concurrency Test	3
1012	9a890b45-4e52-42d5-a606-1bfa0b891fd2	2026-01-05 16:18:20.507854+05:30	2	3	DEBIT	10.00000000	USD	Concurrency Test	3
1013	9a890b45-4e52-42d5-a606-1bfa0b891fd2	2026-01-05 16:18:20.507854+05:30	3	2	CREDIT	10.00000000	USD	Concurrency Test	3
1064	4ae8d4b0-dac8-455c-8ac0-a4e2f2801df2	2026-01-05 16:18:21.485587+05:30	2	3	DEBIT	10.00000000	USD	Concurrency Test	3
1065	4ae8d4b0-dac8-455c-8ac0-a4e2f2801df2	2026-01-05 16:18:21.485587+05:30	3	2	CREDIT	10.00000000	USD	Concurrency Test	3
1066	88f26c1e-e06d-4df8-ba63-20b9f05d003b	2026-01-05 16:18:21.501534+05:30	2	3	DEBIT	10.00000000	USD	Concurrency Test	3
1067	88f26c1e-e06d-4df8-ba63-20b9f05d003b	2026-01-05 16:18:21.501534+05:30	3	2	CREDIT	10.00000000	USD	Concurrency Test	3
1068	1ba03733-41af-433f-9f43-2c59b7e81ece	2026-01-05 16:18:21.528445+05:30	2	3	DEBIT	10.00000000	USD	Concurrency Test	3
1069	1ba03733-41af-433f-9f43-2c59b7e81ece	2026-01-05 16:18:21.528445+05:30	3	2	CREDIT	10.00000000	USD	Concurrency Test	3
1104	e74f7263-8675-4aa7-b42d-8e0c42aea315	2026-01-05 16:18:22.578936+05:30	2	3	DEBIT	10.00000000	USD	Concurrency Test	3
1105	e74f7263-8675-4aa7-b42d-8e0c42aea315	2026-01-05 16:18:22.578936+05:30	3	2	CREDIT	10.00000000	USD	Concurrency Test	3
1120	e7deae8f-9188-4f2e-b11a-8a4405a14278	2026-01-05 16:18:22.758337+05:30	2	3	DEBIT	10.00000000	USD	Concurrency Test	3
1121	e7deae8f-9188-4f2e-b11a-8a4405a14278	2026-01-05 16:18:22.758337+05:30	3	2	CREDIT	10.00000000	USD	Concurrency Test	3
1122	ec8e6e9e-5209-4adc-99dd-6a847aa1e1fb	2026-01-05 16:18:22.78425+05:30	2	3	DEBIT	10.00000000	USD	Concurrency Test	3
1123	ec8e6e9e-5209-4adc-99dd-6a847aa1e1fb	2026-01-05 16:18:22.78425+05:30	3	2	CREDIT	10.00000000	USD	Concurrency Test	3
1134	e32ecc62-dbf4-43b9-afb3-c2523cbd65a5	2026-01-05 16:18:22.917804+05:30	2	3	DEBIT	10.00000000	USD	Concurrency Test	3
1135	e32ecc62-dbf4-43b9-afb3-c2523cbd65a5	2026-01-05 16:18:22.917804+05:30	3	2	CREDIT	10.00000000	USD	Concurrency Test	3
1144	8ee2ac0f-b2a8-431d-8773-cb0b3b55b2b4	2026-01-05 16:18:23.001525+05:30	2	3	DEBIT	10.00000000	USD	Concurrency Test	3
1145	8ee2ac0f-b2a8-431d-8773-cb0b3b55b2b4	2026-01-05 16:18:23.001525+05:30	3	2	CREDIT	10.00000000	USD	Concurrency Test	3
1160	5d831ad7-6dab-4218-9d71-2568d8af060f	2026-01-05 16:18:23.139065+05:30	2	3	DEBIT	10.00000000	USD	Concurrency Test	3
1161	5d831ad7-6dab-4218-9d71-2568d8af060f	2026-01-05 16:18:23.139065+05:30	3	2	CREDIT	10.00000000	USD	Concurrency Test	3
1162	a1448a54-52bc-413d-8803-1c21b0202ae1	2026-01-05 16:18:23.161989+05:30	2	3	DEBIT	10.00000000	USD	Concurrency Test	3
1163	a1448a54-52bc-413d-8803-1c21b0202ae1	2026-01-05 16:18:23.161989+05:30	3	2	CREDIT	10.00000000	USD	Concurrency Test	3
1164	a1c4b677-7d25-42ef-b968-cfa9920cbae7	2026-01-05 16:18:23.171956+05:30	2	3	DEBIT	10.00000000	USD	Concurrency Test	3
1165	a1c4b677-7d25-42ef-b968-cfa9920cbae7	2026-01-05 16:18:23.171956+05:30	3	2	CREDIT	10.00000000	USD	Concurrency Test	3
1174	4c062fa9-fb37-43c8-b713-63fdb66f96d1	2026-01-05 16:18:23.228765+05:30	2	3	DEBIT	10.00000000	USD	Concurrency Test	3
1175	4c062fa9-fb37-43c8-b713-63fdb66f96d1	2026-01-05 16:18:23.228765+05:30	3	2	CREDIT	10.00000000	USD	Concurrency Test	3
1180	05357db9-2967-4f86-a8ef-6ed9839fec2a	2026-01-05 16:18:23.282586+05:30	2	3	DEBIT	10.00000000	USD	Concurrency Test	3
1181	05357db9-2967-4f86-a8ef-6ed9839fec2a	2026-01-05 16:18:23.282586+05:30	3	2	CREDIT	10.00000000	USD	Concurrency Test	3
1204	9898433d-17d1-4d35-9fa2-07f936f0e309	2026-01-05 16:18:23.50584+05:30	2	3	DEBIT	10.00000000	USD	Concurrency Test	3
1205	9898433d-17d1-4d35-9fa2-07f936f0e309	2026-01-05 16:18:23.50584+05:30	3	2	CREDIT	10.00000000	USD	Concurrency Test	3
1206	8bb3c613-0767-45cf-9938-9fc035c04b32	2026-01-05 16:18:23.516804+05:30	2	3	DEBIT	10.00000000	USD	Concurrency Test	3
1207	8bb3c613-0767-45cf-9938-9fc035c04b32	2026-01-05 16:18:23.516804+05:30	3	2	CREDIT	10.00000000	USD	Concurrency Test	3
1210	c503e4fa-56e6-45cd-9fe4-7b1579fc81f6	2026-01-05 16:18:23.540723+05:30	2	3	DEBIT	10.00000000	USD	Concurrency Test	3
1211	c503e4fa-56e6-45cd-9fe4-7b1579fc81f6	2026-01-05 16:18:23.540723+05:30	3	2	CREDIT	10.00000000	USD	Concurrency Test	3
1232	20fd31b3-c36a-4f39-a69d-c8a2236b95dd	2026-01-05 16:18:23.74604+05:30	2	3	DEBIT	10.00000000	USD	Concurrency Test	3
1233	20fd31b3-c36a-4f39-a69d-c8a2236b95dd	2026-01-05 16:18:23.74604+05:30	3	2	CREDIT	10.00000000	USD	Concurrency Test	3
1234	d532c061-d40f-433e-8a9f-d5c9b91c0812	2026-01-05 16:18:23.760988+05:30	2	3	DEBIT	10.00000000	USD	Concurrency Test	3
1235	d532c061-d40f-433e-8a9f-d5c9b91c0812	2026-01-05 16:18:23.760988+05:30	3	2	CREDIT	10.00000000	USD	Concurrency Test	3
1236	f27b8c65-e9bb-4a91-be6d-cc67083a6804	2026-01-05 16:18:23.780922+05:30	2	3	DEBIT	10.00000000	USD	Concurrency Test	3
1237	f27b8c65-e9bb-4a91-be6d-cc67083a6804	2026-01-05 16:18:23.780922+05:30	3	2	CREDIT	10.00000000	USD	Concurrency Test	3
1238	9107fac2-239e-407c-9739-e540358efcf8	2026-01-05 16:18:23.803845+05:30	2	3	DEBIT	10.00000000	USD	Concurrency Test	3
1239	9107fac2-239e-407c-9739-e540358efcf8	2026-01-05 16:18:23.803845+05:30	3	2	CREDIT	10.00000000	USD	Concurrency Test	3
1240	f35e1c31-6d35-4228-904b-bd22ced946f3	2026-01-05 16:18:23.824775+05:30	2	3	DEBIT	10.00000000	USD	Concurrency Test	3
1241	f35e1c31-6d35-4228-904b-bd22ced946f3	2026-01-05 16:18:23.824775+05:30	3	2	CREDIT	10.00000000	USD	Concurrency Test	3
872	9572d7d6-c90f-48da-a0dd-adba736e93ca	2026-01-05 16:14:51.764884+05:30	3	2	DEBIT	10.00000000	USD	Concurrency Test	3
873	9572d7d6-c90f-48da-a0dd-adba736e93ca	2026-01-05 16:14:51.764884+05:30	2	3	CREDIT	10.00000000	USD	Concurrency Test	3
914	b7aacb66-810a-4008-b86a-9f9f219c2c3a	2026-01-05 16:18:09.798617+05:30	2	1	DEBIT	10.00000000	USD	Concurrency Test	3
915	b7aacb66-810a-4008-b86a-9f9f219c2c3a	2026-01-05 16:18:09.798617+05:30	1	2	CREDIT	10.00000000	USD	Concurrency Test	3
924	eef89614-4755-4553-bc45-914e48c8e2fd	2026-01-05 16:18:10.38765+05:30	2	1	DEBIT	10.00000000	USD	Concurrency Test	3
925	eef89614-4755-4553-bc45-914e48c8e2fd	2026-01-05 16:18:10.38765+05:30	1	2	CREDIT	10.00000000	USD	Concurrency Test	3
956	60cc3332-70b2-42b6-a1f0-25fb065888bc	2026-01-05 16:18:10.812232+05:30	2	1	DEBIT	10.00000000	USD	Concurrency Test	3
957	60cc3332-70b2-42b6-a1f0-25fb065888bc	2026-01-05 16:18:10.812232+05:30	1	2	CREDIT	10.00000000	USD	Concurrency Test	3
958	72cb0ea2-78dd-42e2-a0a8-afcd6bb95ae9	2026-01-05 16:18:10.828178+05:30	2	1	DEBIT	10.00000000	USD	Concurrency Test	3
959	72cb0ea2-78dd-42e2-a0a8-afcd6bb95ae9	2026-01-05 16:18:10.828178+05:30	1	2	CREDIT	10.00000000	USD	Concurrency Test	3
962	78d97859-e52c-413f-ac92-999466483205	2026-01-05 16:18:10.86705+05:30	2	1	DEBIT	10.00000000	USD	Concurrency Test	3
963	78d97859-e52c-413f-ac92-999466483205	2026-01-05 16:18:10.86705+05:30	1	2	CREDIT	10.00000000	USD	Concurrency Test	3
980	0de2be57-4035-40a2-897e-be1a9d8f87a6	2026-01-05 16:18:11.084324+05:30	2	1	DEBIT	10.00000000	USD	Concurrency Test	3
981	0de2be57-4035-40a2-897e-be1a9d8f87a6	2026-01-05 16:18:11.084324+05:30	1	2	CREDIT	10.00000000	USD	Concurrency Test	3
984	59874f73-1624-4b8c-a0cd-28d8cefef92a	2026-01-05 16:18:11.119208+05:30	2	1	DEBIT	10.00000000	USD	Concurrency Test	3
985	59874f73-1624-4b8c-a0cd-28d8cefef92a	2026-01-05 16:18:11.119208+05:30	1	2	CREDIT	10.00000000	USD	Concurrency Test	3
986	2eb40406-cfb3-4ee5-8798-d8165ce69bb9	2026-01-05 16:18:11.131168+05:30	2	1	DEBIT	10.00000000	USD	Concurrency Test	3
987	2eb40406-cfb3-4ee5-8798-d8165ce69bb9	2026-01-05 16:18:11.131168+05:30	1	2	CREDIT	10.00000000	USD	Concurrency Test	3
1010	58dafa82-a6ee-44c9-b312-03b8f1b8f31d	2026-01-05 16:18:20.493898+05:30	2	3	DEBIT	10.00000000	USD	Concurrency Test	3
1011	58dafa82-a6ee-44c9-b312-03b8f1b8f31d	2026-01-05 16:18:20.493898+05:30	3	2	CREDIT	10.00000000	USD	Concurrency Test	3
1062	7287c0dd-9a09-4354-9bab-6433b18b3194	2026-01-05 16:18:21.464656+05:30	2	3	DEBIT	10.00000000	USD	Concurrency Test	3
1063	7287c0dd-9a09-4354-9bab-6433b18b3194	2026-01-05 16:18:21.464656+05:30	3	2	CREDIT	10.00000000	USD	Concurrency Test	3
1076	8412ed6c-dced-42a3-ab34-0744817a4757	2026-01-05 16:18:22.349701+05:30	2	3	DEBIT	10.00000000	USD	Concurrency Test	3
1077	8412ed6c-dced-42a3-ab34-0744817a4757	2026-01-05 16:18:22.349701+05:30	3	2	CREDIT	10.00000000	USD	Concurrency Test	3
1080	ff406b5c-93bb-4f89-bebe-6592c6db0184	2026-01-05 16:18:22.377608+05:30	2	3	DEBIT	10.00000000	USD	Concurrency Test	3
1081	ff406b5c-93bb-4f89-bebe-6592c6db0184	2026-01-05 16:18:22.377608+05:30	3	2	CREDIT	10.00000000	USD	Concurrency Test	3
1082	93bca9bb-9a8b-481c-9ec5-d60fea1ab37c	2026-01-05 16:18:22.395549+05:30	2	3	DEBIT	10.00000000	USD	Concurrency Test	3
1083	93bca9bb-9a8b-481c-9ec5-d60fea1ab37c	2026-01-05 16:18:22.395549+05:30	3	2	CREDIT	10.00000000	USD	Concurrency Test	3
1084	7ecff800-a076-41b6-884f-d0dde03551f2	2026-01-05 16:18:22.408506+05:30	2	3	DEBIT	10.00000000	USD	Concurrency Test	3
1085	7ecff800-a076-41b6-884f-d0dde03551f2	2026-01-05 16:18:22.408506+05:30	3	2	CREDIT	10.00000000	USD	Concurrency Test	3
1102	fd2413e6-ad35-43c7-aa68-3f707239faab	2026-01-05 16:18:22.560995+05:30	2	3	DEBIT	10.00000000	USD	Concurrency Test	3
1103	fd2413e6-ad35-43c7-aa68-3f707239faab	2026-01-05 16:18:22.560995+05:30	3	2	CREDIT	10.00000000	USD	Concurrency Test	3
1106	3c026c30-2ed0-4bcd-be86-c4cd99c7a2d6	2026-01-05 16:18:22.602856+05:30	2	3	DEBIT	10.00000000	USD	Concurrency Test	3
1107	3c026c30-2ed0-4bcd-be86-c4cd99c7a2d6	2026-01-05 16:18:22.602856+05:30	3	2	CREDIT	10.00000000	USD	Concurrency Test	3
1126	d8a6a2cd-20fa-451b-aebb-888cb8d43019	2026-01-05 16:18:22.824118+05:30	2	3	DEBIT	10.00000000	USD	Concurrency Test	3
1127	d8a6a2cd-20fa-451b-aebb-888cb8d43019	2026-01-05 16:18:22.824118+05:30	3	2	CREDIT	10.00000000	USD	Concurrency Test	3
1128	ee65f881-e2d4-4df1-ad33-e9ede93c3a4e	2026-01-05 16:18:22.845049+05:30	2	3	DEBIT	10.00000000	USD	Concurrency Test	3
1129	ee65f881-e2d4-4df1-ad33-e9ede93c3a4e	2026-01-05 16:18:22.845049+05:30	3	2	CREDIT	10.00000000	USD	Concurrency Test	3
1166	56305102-9055-4ad6-b4e3-cc3ea6ad8ebd	2026-01-05 16:18:23.181923+05:30	2	3	DEBIT	10.00000000	USD	Concurrency Test	3
1167	56305102-9055-4ad6-b4e3-cc3ea6ad8ebd	2026-01-05 16:18:23.181923+05:30	3	2	CREDIT	10.00000000	USD	Concurrency Test	3
1168	482c3615-de13-4f86-82d2-d747faf45112	2026-01-05 16:18:23.191889+05:30	2	3	DEBIT	10.00000000	USD	Concurrency Test	3
1169	482c3615-de13-4f86-82d2-d747faf45112	2026-01-05 16:18:23.191889+05:30	3	2	CREDIT	10.00000000	USD	Concurrency Test	3
1170	25bb5770-d923-40bc-ba93-7187f2651c90	2026-01-05 16:18:23.200858+05:30	2	3	DEBIT	10.00000000	USD	Concurrency Test	3
1171	25bb5770-d923-40bc-ba93-7187f2651c90	2026-01-05 16:18:23.200858+05:30	3	2	CREDIT	10.00000000	USD	Concurrency Test	3
1172	1755a542-e4a2-471a-95ae-c4b65ca39d8c	2026-01-05 16:18:23.218799+05:30	2	3	DEBIT	10.00000000	USD	Concurrency Test	3
1173	1755a542-e4a2-471a-95ae-c4b65ca39d8c	2026-01-05 16:18:23.218799+05:30	3	2	CREDIT	10.00000000	USD	Concurrency Test	3
1186	8b9df92e-a3df-445a-b783-e4c31a762178	2026-01-05 16:18:23.334413+05:30	2	3	DEBIT	10.00000000	USD	Concurrency Test	3
1187	8b9df92e-a3df-445a-b783-e4c31a762178	2026-01-05 16:18:23.334413+05:30	3	2	CREDIT	10.00000000	USD	Concurrency Test	3
1246	f0e677d7-02c0-4de9-9fbd-f7031cdf1a8f	2026-01-05 16:18:23.891553+05:30	2	3	DEBIT	10.00000000	USD	Concurrency Test	3
1247	f0e677d7-02c0-4de9-9fbd-f7031cdf1a8f	2026-01-05 16:18:23.891553+05:30	3	2	CREDIT	10.00000000	USD	Concurrency Test	3
1256	b4d6a686-24d5-46d3-9eb8-921897ee9034	2026-01-05 16:18:23.966303+05:30	2	3	DEBIT	10.00000000	USD	Concurrency Test	3
1257	b4d6a686-24d5-46d3-9eb8-921897ee9034	2026-01-05 16:18:23.966303+05:30	3	2	CREDIT	10.00000000	USD	Concurrency Test	3
1258	6d3fa15b-acc0-4a62-aef8-9c7cb6001ca9	2026-01-05 16:18:23.986236+05:30	2	3	DEBIT	10.00000000	USD	Concurrency Test	3
1259	6d3fa15b-acc0-4a62-aef8-9c7cb6001ca9	2026-01-05 16:18:23.986236+05:30	3	2	CREDIT	10.00000000	USD	Concurrency Test	3
1266	fe01d8b6-1c8c-4036-8624-83e5bf62a111	2026-01-05 16:18:24.121783+05:30	2	3	DEBIT	10.00000000	USD	Concurrency Test	3
1267	fe01d8b6-1c8c-4036-8624-83e5bf62a111	2026-01-05 16:18:24.121783+05:30	3	2	CREDIT	10.00000000	USD	Concurrency Test	3
1288	a014de35-9948-4681-965d-23251064541d	2026-01-05 16:18:35.348292+05:30	2	1	DEBIT	10.00000000	USD	Concurrency Test	3
1289	a014de35-9948-4681-965d-23251064541d	2026-01-05 16:18:35.348292+05:30	1	2	CREDIT	10.00000000	USD	Concurrency Test	3
874	19fafbf3-5a25-4c5c-a0fc-6a0ed66daee8	2026-01-05 16:14:51.790796+05:30	3	2	DEBIT	10.00000000	USD	Concurrency Test	3
875	19fafbf3-5a25-4c5c-a0fc-6a0ed66daee8	2026-01-05 16:14:51.790796+05:30	2	3	CREDIT	10.00000000	USD	Concurrency Test	3
882	984e7a67-58ba-413e-b268-2680dbfad7e8	2026-01-05 16:18:08.183014+05:30	2	1	DEBIT	10.00000000	USD	Concurrency Test	3
883	984e7a67-58ba-413e-b268-2680dbfad7e8	2026-01-05 16:18:08.183014+05:30	1	2	CREDIT	10.00000000	USD	Concurrency Test	3
886	7f47ba1e-22c3-46d8-a9b7-4d7c11e48b39	2026-01-05 16:18:08.23484+05:30	2	1	DEBIT	10.00000000	USD	Concurrency Test	3
887	7f47ba1e-22c3-46d8-a9b7-4d7c11e48b39	2026-01-05 16:18:08.23484+05:30	1	2	CREDIT	10.00000000	USD	Concurrency Test	3
902	16857803-fbaa-4966-8891-de5c0917de2f	2026-01-05 16:18:09.632173+05:30	2	1	DEBIT	10.00000000	USD	Concurrency Test	3
903	16857803-fbaa-4966-8891-de5c0917de2f	2026-01-05 16:18:09.632173+05:30	1	2	CREDIT	10.00000000	USD	Concurrency Test	3
930	f2cef1d6-77fe-4062-a4be-07da043a4c1e	2026-01-05 16:18:10.455424+05:30	2	1	DEBIT	10.00000000	USD	Concurrency Test	3
931	f2cef1d6-77fe-4062-a4be-07da043a4c1e	2026-01-05 16:18:10.455424+05:30	1	2	CREDIT	10.00000000	USD	Concurrency Test	3
934	36120ec4-902b-4270-a516-1fe6cd946a6e	2026-01-05 16:18:10.497284+05:30	2	1	DEBIT	10.00000000	USD	Concurrency Test	3
935	36120ec4-902b-4270-a516-1fe6cd946a6e	2026-01-05 16:18:10.497284+05:30	1	2	CREDIT	10.00000000	USD	Concurrency Test	3
938	5bdb5898-9f70-4540-bff6-4d4e5198d103	2026-01-05 16:18:10.544128+05:30	2	1	DEBIT	10.00000000	USD	Concurrency Test	3
939	5bdb5898-9f70-4540-bff6-4d4e5198d103	2026-01-05 16:18:10.544128+05:30	1	2	CREDIT	10.00000000	USD	Concurrency Test	3
940	dbb1967d-7b9b-45a3-bc67-6cba1e30c9d0	2026-01-05 16:18:10.557084+05:30	2	1	DEBIT	10.00000000	USD	Concurrency Test	3
941	dbb1967d-7b9b-45a3-bc67-6cba1e30c9d0	2026-01-05 16:18:10.557084+05:30	1	2	CREDIT	10.00000000	USD	Concurrency Test	3
948	619bd012-0210-487d-882b-567d9b0a77e2	2026-01-05 16:18:10.757415+05:30	2	1	DEBIT	10.00000000	USD	Concurrency Test	3
949	619bd012-0210-487d-882b-567d9b0a77e2	2026-01-05 16:18:10.757415+05:30	1	2	CREDIT	10.00000000	USD	Concurrency Test	3
952	d71da00e-7692-4332-83ee-58efdb262191	2026-01-05 16:18:10.785322+05:30	2	1	DEBIT	10.00000000	USD	Concurrency Test	3
953	d71da00e-7692-4332-83ee-58efdb262191	2026-01-05 16:18:10.785322+05:30	1	2	CREDIT	10.00000000	USD	Concurrency Test	3
968	e8d128bc-de64-4031-8948-5362e522ffbe	2026-01-05 16:18:10.982662+05:30	2	1	DEBIT	10.00000000	USD	Concurrency Test	3
969	e8d128bc-de64-4031-8948-5362e522ffbe	2026-01-05 16:18:10.982662+05:30	1	2	CREDIT	10.00000000	USD	Concurrency Test	3
974	6eddde28-7a4d-48db-a38a-5538778a8e9c	2026-01-05 16:18:11.040471+05:30	2	1	DEBIT	10.00000000	USD	Concurrency Test	3
975	6eddde28-7a4d-48db-a38a-5538778a8e9c	2026-01-05 16:18:11.040471+05:30	1	2	CREDIT	10.00000000	USD	Concurrency Test	3
976	ff2e9beb-f1c4-486d-8aab-45d5b28141a4	2026-01-05 16:18:11.056416+05:30	2	1	DEBIT	10.00000000	USD	Concurrency Test	3
977	ff2e9beb-f1c4-486d-8aab-45d5b28141a4	2026-01-05 16:18:11.056416+05:30	1	2	CREDIT	10.00000000	USD	Concurrency Test	3
978	e474a68c-4e0c-4368-a862-b47dcbd654f3	2026-01-05 16:18:11.071366+05:30	2	1	DEBIT	10.00000000	USD	Concurrency Test	3
979	e474a68c-4e0c-4368-a862-b47dcbd654f3	2026-01-05 16:18:11.071366+05:30	1	2	CREDIT	10.00000000	USD	Concurrency Test	3
988	62868f87-1ffb-47c0-a162-a9f424ea4528	2026-01-05 16:18:11.209905+05:30	2	1	DEBIT	10.00000000	USD	Concurrency Test	3
989	62868f87-1ffb-47c0-a162-a9f424ea4528	2026-01-05 16:18:11.209905+05:30	1	2	CREDIT	10.00000000	USD	Concurrency Test	3
990	7dd51b01-5886-4c85-942d-30f85884c9d1	2026-01-05 16:18:11.224855+05:30	2	1	DEBIT	10.00000000	USD	Concurrency Test	3
991	7dd51b01-5886-4c85-942d-30f85884c9d1	2026-01-05 16:18:11.224855+05:30	1	2	CREDIT	10.00000000	USD	Concurrency Test	3
994	fe15fae1-9cb0-4311-a58f-9741d11da5e7	2026-01-05 16:18:11.274688+05:30	2	1	DEBIT	10.00000000	USD	Concurrency Test	3
995	fe15fae1-9cb0-4311-a58f-9741d11da5e7	2026-01-05 16:18:11.274688+05:30	1	2	CREDIT	10.00000000	USD	Concurrency Test	3
998	fdd0e901-0124-4282-8d0a-b3779c5e93a1	2026-01-05 16:18:11.315551+05:30	2	1	DEBIT	10.00000000	USD	Concurrency Test	3
999	fdd0e901-0124-4282-8d0a-b3779c5e93a1	2026-01-05 16:18:11.315551+05:30	1	2	CREDIT	10.00000000	USD	Concurrency Test	3
1000	a705fae1-315f-44ec-90e9-d7b322b67557	2026-01-05 16:18:11.353425+05:30	2	1	DEBIT	10.00000000	USD	Concurrency Test	3
1001	a705fae1-315f-44ec-90e9-d7b322b67557	2026-01-05 16:18:11.353425+05:30	1	2	CREDIT	10.00000000	USD	Concurrency Test	3
1002	41bd032a-cc0f-4c45-8902-1312727b5c20	2026-01-05 16:18:11.388308+05:30	2	1	DEBIT	10.00000000	USD	Concurrency Test	3
1003	41bd032a-cc0f-4c45-8902-1312727b5c20	2026-01-05 16:18:11.388308+05:30	1	2	CREDIT	10.00000000	USD	Concurrency Test	3
1004	c7edab6a-f88b-4405-95a6-2a68d39cb402	2026-01-05 16:18:11.413226+05:30	2	1	DEBIT	10.00000000	USD	Concurrency Test	3
1005	c7edab6a-f88b-4405-95a6-2a68d39cb402	2026-01-05 16:18:11.413226+05:30	1	2	CREDIT	10.00000000	USD	Concurrency Test	3
1008	0c925c1c-acc9-4a07-a8c5-4a614b752cee	2026-01-05 16:18:20.480942+05:30	2	3	DEBIT	10.00000000	USD	Concurrency Test	3
1009	0c925c1c-acc9-4a07-a8c5-4a614b752cee	2026-01-05 16:18:20.480942+05:30	3	2	CREDIT	10.00000000	USD	Concurrency Test	3
1016	485b5c04-8617-4b50-8b2d-e01ec5d90bf0	2026-01-05 16:18:20.54473+05:30	2	3	DEBIT	10.00000000	USD	Concurrency Test	3
1017	485b5c04-8617-4b50-8b2d-e01ec5d90bf0	2026-01-05 16:18:20.54473+05:30	3	2	CREDIT	10.00000000	USD	Concurrency Test	3
1018	36dc2a8d-3888-499e-b1ca-318820660610	2026-01-05 16:18:20.557686+05:30	2	3	DEBIT	10.00000000	USD	Concurrency Test	3
1019	36dc2a8d-3888-499e-b1ca-318820660610	2026-01-05 16:18:20.557686+05:30	3	2	CREDIT	10.00000000	USD	Concurrency Test	3
1036	130795ff-5489-4ac0-becb-ad3bba9ce3ec	2026-01-05 16:18:21.131768+05:30	2	3	DEBIT	10.00000000	USD	Concurrency Test	3
1037	130795ff-5489-4ac0-becb-ad3bba9ce3ec	2026-01-05 16:18:21.131768+05:30	3	2	CREDIT	10.00000000	USD	Concurrency Test	3
1038	0944d6eb-c1b6-4a43-971e-bb37ae6c6890	2026-01-05 16:18:21.143728+05:30	2	3	DEBIT	10.00000000	USD	Concurrency Test	3
1039	0944d6eb-c1b6-4a43-971e-bb37ae6c6890	2026-01-05 16:18:21.143728+05:30	3	2	CREDIT	10.00000000	USD	Concurrency Test	3
1050	9bfecdec-803d-4c43-a7ee-682a12928c8d	2026-01-05 16:18:21.224459+05:30	2	3	DEBIT	10.00000000	USD	Concurrency Test	3
1051	9bfecdec-803d-4c43-a7ee-682a12928c8d	2026-01-05 16:18:21.224459+05:30	3	2	CREDIT	10.00000000	USD	Concurrency Test	3
1052	47e867f2-0d55-471a-a76d-8c7feaffa474	2026-01-05 16:18:21.236418+05:30	2	3	DEBIT	10.00000000	USD	Concurrency Test	3
1053	47e867f2-0d55-471a-a76d-8c7feaffa474	2026-01-05 16:18:21.236418+05:30	3	2	CREDIT	10.00000000	USD	Concurrency Test	3
1078	be68f615-7c05-4304-8ac1-aa7edf58e69d	2026-01-05 16:18:22.362659+05:30	2	3	DEBIT	10.00000000	USD	Concurrency Test	3
1079	be68f615-7c05-4304-8ac1-aa7edf58e69d	2026-01-05 16:18:22.362659+05:30	3	2	CREDIT	10.00000000	USD	Concurrency Test	3
1088	e0d5ef0e-7672-4562-a090-0291a7699130	2026-01-05 16:18:22.4394+05:30	2	3	DEBIT	10.00000000	USD	Concurrency Test	3
1089	e0d5ef0e-7672-4562-a090-0291a7699130	2026-01-05 16:18:22.4394+05:30	3	2	CREDIT	10.00000000	USD	Concurrency Test	3
1090	11a56a1c-833d-4699-844a-de859c86201b	2026-01-05 16:18:22.455348+05:30	2	3	DEBIT	10.00000000	USD	Concurrency Test	3
1091	11a56a1c-833d-4699-844a-de859c86201b	2026-01-05 16:18:22.455348+05:30	3	2	CREDIT	10.00000000	USD	Concurrency Test	3
1108	8ac87cf9-694f-4a4a-b7f5-c51517645d4a	2026-01-05 16:18:22.62279+05:30	2	3	DEBIT	10.00000000	USD	Concurrency Test	3
1109	8ac87cf9-694f-4a4a-b7f5-c51517645d4a	2026-01-05 16:18:22.62279+05:30	3	2	CREDIT	10.00000000	USD	Concurrency Test	3
1124	74370c10-e068-4042-a54f-b664c8872714	2026-01-05 16:18:22.810165+05:30	2	3	DEBIT	10.00000000	USD	Concurrency Test	3
1125	74370c10-e068-4042-a54f-b664c8872714	2026-01-05 16:18:22.810165+05:30	3	2	CREDIT	10.00000000	USD	Concurrency Test	3
1140	9cab2597-5f3c-464c-9bed-19893be1879d	2026-01-05 16:18:22.969631+05:30	2	3	DEBIT	10.00000000	USD	Concurrency Test	3
1141	9cab2597-5f3c-464c-9bed-19893be1879d	2026-01-05 16:18:22.969631+05:30	3	2	CREDIT	10.00000000	USD	Concurrency Test	3
884	690280ac-ee7b-46cd-8339-250aaaf5230d	2026-01-05 16:18:08.210921+05:30	2	1	DEBIT	10.00000000	USD	Concurrency Test	3
885	690280ac-ee7b-46cd-8339-250aaaf5230d	2026-01-05 16:18:08.210921+05:30	1	2	CREDIT	10.00000000	USD	Concurrency Test	3
890	89e40841-89f7-4306-b134-4030ca61040a	2026-01-05 16:18:08.287664+05:30	2	1	DEBIT	10.00000000	USD	Concurrency Test	3
891	89e40841-89f7-4306-b134-4030ca61040a	2026-01-05 16:18:08.287664+05:30	1	2	CREDIT	10.00000000	USD	Concurrency Test	3
894	c0fba0b3-0f1e-4646-bdd2-95777e73f94e	2026-01-05 16:18:08.386335+05:30	2	1	DEBIT	10.00000000	USD	Concurrency Test	3
895	c0fba0b3-0f1e-4646-bdd2-95777e73f94e	2026-01-05 16:18:08.386335+05:30	1	2	CREDIT	10.00000000	USD	Concurrency Test	3
896	509a9568-fc90-44f8-b5f7-79684e52cc95	2026-01-05 16:18:08.425203+05:30	2	1	DEBIT	10.00000000	USD	Concurrency Test	3
897	509a9568-fc90-44f8-b5f7-79684e52cc95	2026-01-05 16:18:08.425203+05:30	1	2	CREDIT	10.00000000	USD	Concurrency Test	3
898	0713b539-94aa-45af-99bf-d79fe8b0d412	2026-01-05 16:18:08.455104+05:30	2	1	DEBIT	10.00000000	USD	Concurrency Test	3
899	0713b539-94aa-45af-99bf-d79fe8b0d412	2026-01-05 16:18:08.455104+05:30	1	2	CREDIT	10.00000000	USD	Concurrency Test	3
900	fa766fd8-585e-46e4-a6e2-8d1a8f6d4544	2026-01-05 16:18:08.48301+05:30	2	1	DEBIT	10.00000000	USD	Concurrency Test	3
901	fa766fd8-585e-46e4-a6e2-8d1a8f6d4544	2026-01-05 16:18:08.48301+05:30	1	2	CREDIT	10.00000000	USD	Concurrency Test	3
904	6aabf3e5-324c-4eb3-a415-ae9be1c674ea	2026-01-05 16:18:09.651109+05:30	2	1	DEBIT	10.00000000	USD	Concurrency Test	3
905	6aabf3e5-324c-4eb3-a415-ae9be1c674ea	2026-01-05 16:18:09.651109+05:30	1	2	CREDIT	10.00000000	USD	Concurrency Test	3
906	f5d440b0-1013-4c9a-98d6-9e5bdfa0bf78	2026-01-05 16:18:09.675031+05:30	2	1	DEBIT	10.00000000	USD	Concurrency Test	3
907	f5d440b0-1013-4c9a-98d6-9e5bdfa0bf78	2026-01-05 16:18:09.675031+05:30	1	2	CREDIT	10.00000000	USD	Concurrency Test	3
908	75e7f198-0f82-4870-94e4-0076dbfbdefe	2026-01-05 16:18:09.700944+05:30	2	1	DEBIT	10.00000000	USD	Concurrency Test	3
909	75e7f198-0f82-4870-94e4-0076dbfbdefe	2026-01-05 16:18:09.700944+05:30	1	2	CREDIT	10.00000000	USD	Concurrency Test	3
912	958fb1ef-b41c-4742-b3b3-819faacda308	2026-01-05 16:18:09.750777+05:30	2	1	DEBIT	10.00000000	USD	Concurrency Test	3
913	958fb1ef-b41c-4742-b3b3-819faacda308	2026-01-05 16:18:09.750777+05:30	1	2	CREDIT	10.00000000	USD	Concurrency Test	3
916	c5a17e5a-bdef-48b1-a880-d86c1f24592f	2026-01-05 16:18:09.819547+05:30	2	1	DEBIT	10.00000000	USD	Concurrency Test	3
917	c5a17e5a-bdef-48b1-a880-d86c1f24592f	2026-01-05 16:18:09.819547+05:30	1	2	CREDIT	10.00000000	USD	Concurrency Test	3
918	aea955e4-eb9c-4262-b94e-2a3b223645fc	2026-01-05 16:18:09.845461+05:30	2	1	DEBIT	10.00000000	USD	Concurrency Test	3
919	aea955e4-eb9c-4262-b94e-2a3b223645fc	2026-01-05 16:18:09.845461+05:30	1	2	CREDIT	10.00000000	USD	Concurrency Test	3
920	ba4fe94e-6019-42ac-bded-70b793eaba59	2026-01-05 16:18:09.857421+05:30	2	1	DEBIT	10.00000000	USD	Concurrency Test	3
921	ba4fe94e-6019-42ac-bded-70b793eaba59	2026-01-05 16:18:09.857421+05:30	1	2	CREDIT	10.00000000	USD	Concurrency Test	3
926	4b1c1354-f87d-482c-9e67-05744c52c47e	2026-01-05 16:18:10.410573+05:30	2	1	DEBIT	10.00000000	USD	Concurrency Test	3
927	4b1c1354-f87d-482c-9e67-05744c52c47e	2026-01-05 16:18:10.410573+05:30	1	2	CREDIT	10.00000000	USD	Concurrency Test	3
928	30467117-0ffd-4272-b8e5-17ad8db77be2	2026-01-05 16:18:10.428513+05:30	2	1	DEBIT	10.00000000	USD	Concurrency Test	3
929	30467117-0ffd-4272-b8e5-17ad8db77be2	2026-01-05 16:18:10.428513+05:30	1	2	CREDIT	10.00000000	USD	Concurrency Test	3
932	fa7c9fad-bdf3-4029-91b5-a0166a7bfef9	2026-01-05 16:18:10.475357+05:30	2	1	DEBIT	10.00000000	USD	Concurrency Test	3
933	fa7c9fad-bdf3-4029-91b5-a0166a7bfef9	2026-01-05 16:18:10.475357+05:30	1	2	CREDIT	10.00000000	USD	Concurrency Test	3
936	cd84b3ba-fb95-4d9c-b84f-03cb15dee5d9	2026-01-05 16:18:10.526188+05:30	2	1	DEBIT	10.00000000	USD	Concurrency Test	3
937	cd84b3ba-fb95-4d9c-b84f-03cb15dee5d9	2026-01-05 16:18:10.526188+05:30	1	2	CREDIT	10.00000000	USD	Concurrency Test	3
944	58d148e3-2912-4113-a1e3-953a1aadf43b	2026-01-05 16:18:10.589975+05:30	2	1	DEBIT	10.00000000	USD	Concurrency Test	3
945	58d148e3-2912-4113-a1e3-953a1aadf43b	2026-01-05 16:18:10.589975+05:30	1	2	CREDIT	10.00000000	USD	Concurrency Test	3
946	0c5eb083-465c-490d-94eb-0852f1ed0ff5	2026-01-05 16:18:10.612898+05:30	2	1	DEBIT	10.00000000	USD	Concurrency Test	3
947	0c5eb083-465c-490d-94eb-0852f1ed0ff5	2026-01-05 16:18:10.612898+05:30	1	2	CREDIT	10.00000000	USD	Concurrency Test	3
950	4951f2cd-2869-4804-b707-cefec6cc555a	2026-01-05 16:18:10.771369+05:30	2	1	DEBIT	10.00000000	USD	Concurrency Test	3
951	4951f2cd-2869-4804-b707-cefec6cc555a	2026-01-05 16:18:10.771369+05:30	1	2	CREDIT	10.00000000	USD	Concurrency Test	3
954	15391b7e-4cae-4000-aabe-92d873b589e4	2026-01-05 16:18:10.798278+05:30	2	1	DEBIT	10.00000000	USD	Concurrency Test	3
955	15391b7e-4cae-4000-aabe-92d873b589e4	2026-01-05 16:18:10.798278+05:30	1	2	CREDIT	10.00000000	USD	Concurrency Test	3
960	2dee9283-3760-4922-8c36-70ee25665295	2026-01-05 16:18:10.853096+05:30	2	1	DEBIT	10.00000000	USD	Concurrency Test	3
961	2dee9283-3760-4922-8c36-70ee25665295	2026-01-05 16:18:10.853096+05:30	1	2	CREDIT	10.00000000	USD	Concurrency Test	3
966	aa353b32-c8bb-4191-ae69-5957ec4d4d4f	2026-01-05 16:18:10.894956+05:30	2	1	DEBIT	10.00000000	USD	Concurrency Test	3
967	aa353b32-c8bb-4191-ae69-5957ec4d4d4f	2026-01-05 16:18:10.894956+05:30	1	2	CREDIT	10.00000000	USD	Concurrency Test	3
970	4a36e8a2-e4c7-4bf8-a5e9-1d2f839752df	2026-01-05 16:18:11.0016+05:30	2	1	DEBIT	10.00000000	USD	Concurrency Test	3
971	4a36e8a2-e4c7-4bf8-a5e9-1d2f839752df	2026-01-05 16:18:11.0016+05:30	1	2	CREDIT	10.00000000	USD	Concurrency Test	3
972	bf1d4ca5-9e37-4887-9b43-d7e00ff10458	2026-01-05 16:18:11.02253+05:30	2	1	DEBIT	10.00000000	USD	Concurrency Test	3
973	bf1d4ca5-9e37-4887-9b43-d7e00ff10458	2026-01-05 16:18:11.02253+05:30	1	2	CREDIT	10.00000000	USD	Concurrency Test	3
982	3c76b583-2ba4-484f-af0e-5fe87604486c	2026-01-05 16:18:11.103262+05:30	2	1	DEBIT	10.00000000	USD	Concurrency Test	3
983	3c76b583-2ba4-484f-af0e-5fe87604486c	2026-01-05 16:18:11.103262+05:30	1	2	CREDIT	10.00000000	USD	Concurrency Test	3
992	a387ad1a-038a-4ebb-af23-a011265eaa4e	2026-01-05 16:18:11.254754+05:30	2	1	DEBIT	10.00000000	USD	Concurrency Test	3
993	a387ad1a-038a-4ebb-af23-a011265eaa4e	2026-01-05 16:18:11.254754+05:30	1	2	CREDIT	10.00000000	USD	Concurrency Test	3
996	ac72a701-0f11-4707-adbe-e852f468dbff	2026-01-05 16:18:11.298607+05:30	2	1	DEBIT	10.00000000	USD	Concurrency Test	3
997	ac72a701-0f11-4707-adbe-e852f468dbff	2026-01-05 16:18:11.298607+05:30	1	2	CREDIT	10.00000000	USD	Concurrency Test	3
1014	1a343ae8-9b50-4ad3-a3d5-8542166615ce	2026-01-05 16:18:20.525793+05:30	2	3	DEBIT	10.00000000	USD	Concurrency Test	3
1015	1a343ae8-9b50-4ad3-a3d5-8542166615ce	2026-01-05 16:18:20.525793+05:30	3	2	CREDIT	10.00000000	USD	Concurrency Test	3
1020	580298ed-6cf4-4a18-a0a3-b7b5989a8f46	2026-01-05 16:18:20.574631+05:30	2	3	DEBIT	10.00000000	USD	Concurrency Test	3
1021	580298ed-6cf4-4a18-a0a3-b7b5989a8f46	2026-01-05 16:18:20.574631+05:30	3	2	CREDIT	10.00000000	USD	Concurrency Test	3
1022	b3df4d73-8e7c-43b2-9fb3-8569941fb6c3	2026-01-05 16:18:20.591573+05:30	2	3	DEBIT	10.00000000	USD	Concurrency Test	3
1023	b3df4d73-8e7c-43b2-9fb3-8569941fb6c3	2026-01-05 16:18:20.591573+05:30	3	2	CREDIT	10.00000000	USD	Concurrency Test	3
1024	64d4c8f5-e6a2-4647-a150-365b56cd947e	2026-01-05 16:18:20.60752+05:30	2	3	DEBIT	10.00000000	USD	Concurrency Test	3
1025	64d4c8f5-e6a2-4647-a150-365b56cd947e	2026-01-05 16:18:20.60752+05:30	3	2	CREDIT	10.00000000	USD	Concurrency Test	3
1026	d8f5f254-0100-433e-a51a-c7830da70e55	2026-01-05 16:18:20.623467+05:30	2	3	DEBIT	10.00000000	USD	Concurrency Test	3
1027	d8f5f254-0100-433e-a51a-c7830da70e55	2026-01-05 16:18:20.623467+05:30	3	2	CREDIT	10.00000000	USD	Concurrency Test	3
1028	9e1fd028-307c-40df-a344-07c43bf696a2	2026-01-05 16:18:20.64041+05:30	2	3	DEBIT	10.00000000	USD	Concurrency Test	3
1029	9e1fd028-307c-40df-a344-07c43bf696a2	2026-01-05 16:18:20.64041+05:30	3	2	CREDIT	10.00000000	USD	Concurrency Test	3
1030	5c691b86-2197-4e07-9368-73e4479610e0	2026-01-05 16:18:20.675295+05:30	2	3	DEBIT	10.00000000	USD	Concurrency Test	3
1031	5c691b86-2197-4e07-9368-73e4479610e0	2026-01-05 16:18:20.675295+05:30	3	2	CREDIT	10.00000000	USD	Concurrency Test	3
1032	81a1bc42-47cf-403b-b4f1-ae7309eaef38	2026-01-05 16:18:21.106851+05:30	2	3	DEBIT	10.00000000	USD	Concurrency Test	3
1033	81a1bc42-47cf-403b-b4f1-ae7309eaef38	2026-01-05 16:18:21.106851+05:30	3	2	CREDIT	10.00000000	USD	Concurrency Test	3
1070	2bad93e6-ed30-4110-a110-7e03b424907c	2026-01-05 16:18:21.540404+05:30	2	3	DEBIT	10.00000000	USD	Concurrency Test	3
1071	2bad93e6-ed30-4110-a110-7e03b424907c	2026-01-05 16:18:21.540404+05:30	3	2	CREDIT	10.00000000	USD	Concurrency Test	3
1072	ca3bbe0b-2b1f-45da-b138-c44237d1d3c6	2026-01-05 16:18:21.576284+05:30	2	3	DEBIT	10.00000000	USD	Concurrency Test	3
1073	ca3bbe0b-2b1f-45da-b138-c44237d1d3c6	2026-01-05 16:18:21.576284+05:30	3	2	CREDIT	10.00000000	USD	Concurrency Test	3
1074	46446ac5-8826-46c2-a534-c2fa81adaf55	2026-01-05 16:18:21.589241+05:30	2	3	DEBIT	10.00000000	USD	Concurrency Test	3
1075	46446ac5-8826-46c2-a534-c2fa81adaf55	2026-01-05 16:18:21.589241+05:30	3	2	CREDIT	10.00000000	USD	Concurrency Test	3
1112	875fcee3-57e0-43eb-8886-3a1acf172e6b	2026-01-05 16:18:22.657673+05:30	2	3	DEBIT	10.00000000	USD	Concurrency Test	3
1113	875fcee3-57e0-43eb-8886-3a1acf172e6b	2026-01-05 16:18:22.657673+05:30	3	2	CREDIT	10.00000000	USD	Concurrency Test	3
1136	c2b6c643-b239-40b2-b0f7-a547896d8f45	2026-01-05 16:18:22.929764+05:30	2	3	DEBIT	10.00000000	USD	Concurrency Test	3
1137	c2b6c643-b239-40b2-b0f7-a547896d8f45	2026-01-05 16:18:22.929764+05:30	3	2	CREDIT	10.00000000	USD	Concurrency Test	3
1152	f5d1efad-e820-4dfc-929b-c9863ab1415b	2026-01-05 16:18:23.070295+05:30	2	3	DEBIT	10.00000000	USD	Concurrency Test	3
1153	f5d1efad-e820-4dfc-929b-c9863ab1415b	2026-01-05 16:18:23.070295+05:30	3	2	CREDIT	10.00000000	USD	Concurrency Test	3
1158	e880547f-398c-4af6-9e61-487995983092	2026-01-05 16:18:23.123118+05:30	2	3	DEBIT	10.00000000	USD	Concurrency Test	3
1159	e880547f-398c-4af6-9e61-487995983092	2026-01-05 16:18:23.123118+05:30	3	2	CREDIT	10.00000000	USD	Concurrency Test	3
1200	4a5c33aa-88a4-4f8c-9f99-74ca8d303fd9	2026-01-05 16:18:23.475944+05:30	2	3	DEBIT	10.00000000	USD	Concurrency Test	3
1201	4a5c33aa-88a4-4f8c-9f99-74ca8d303fd9	2026-01-05 16:18:23.475944+05:30	3	2	CREDIT	10.00000000	USD	Concurrency Test	3
1202	c5eedf9b-424a-4e9e-a15d-9563975415c1	2026-01-05 16:18:23.49388+05:30	2	3	DEBIT	10.00000000	USD	Concurrency Test	3
1203	c5eedf9b-424a-4e9e-a15d-9563975415c1	2026-01-05 16:18:23.49388+05:30	3	2	CREDIT	10.00000000	USD	Concurrency Test	3
1282	48eca48e-01e6-4c88-bb20-c4600ae60383	2026-01-05 16:18:35.313408+05:30	2	1	DEBIT	10.00000000	USD	Concurrency Test	3
1283	48eca48e-01e6-4c88-bb20-c4600ae60383	2026-01-05 16:18:35.313408+05:30	1	2	CREDIT	10.00000000	USD	Concurrency Test	3
1312	1a705abb-fa5a-4102-8b7f-60a69912b478	2026-01-05 16:18:40.306731+05:30	2	1	DEBIT	20.00000000	USD	Concurrency Test	3
1313	1a705abb-fa5a-4102-8b7f-60a69912b478	2026-01-05 16:18:40.306731+05:30	1	2	CREDIT	20.00000000	USD	Concurrency Test	3
1336	ab35b3c5-722a-4a54-ad6a-e059ca8eda25	2026-01-05 16:18:41.07118+05:30	2	1	DEBIT	20.00000000	USD	Concurrency Test	3
1337	ab35b3c5-722a-4a54-ad6a-e059ca8eda25	2026-01-05 16:18:41.07118+05:30	1	2	CREDIT	20.00000000	USD	Concurrency Test	3
1382	747c9051-b72c-4bc9-9ae2-54262dc57e6c	2026-01-05 16:18:41.41802+05:30	2	1	DEBIT	20.00000000	USD	Concurrency Test	3
1383	747c9051-b72c-4bc9-9ae2-54262dc57e6c	2026-01-05 16:18:41.41802+05:30	1	2	CREDIT	20.00000000	USD	Concurrency Test	3
1398	f64ca10d-9066-42ec-917b-1247ef0c319f	2026-01-05 16:18:41.612372+05:30	2	1	DEBIT	20.00000000	USD	Concurrency Test	3
1399	f64ca10d-9066-42ec-917b-1247ef0c319f	2026-01-05 16:18:41.612372+05:30	1	2	CREDIT	20.00000000	USD	Concurrency Test	3
1402	e08455dd-85e8-4ac2-8e92-1315b50234cb	2026-01-05 16:18:41.632305+05:30	2	1	DEBIT	20.00000000	USD	Concurrency Test	3
1403	e08455dd-85e8-4ac2-8e92-1315b50234cb	2026-01-05 16:18:41.632305+05:30	1	2	CREDIT	20.00000000	USD	Concurrency Test	3
1404	d2e11449-366f-4c41-8439-bdb1e01ed929	2026-01-05 16:18:41.641276+05:30	2	1	DEBIT	20.00000000	USD	Concurrency Test	3
1405	d2e11449-366f-4c41-8439-bdb1e01ed929	2026-01-05 16:18:41.641276+05:30	1	2	CREDIT	20.00000000	USD	Concurrency Test	3
1406	dc3eb4fd-15de-4446-9856-aafd6b4699cc	2026-01-05 16:18:41.649248+05:30	2	1	DEBIT	20.00000000	USD	Concurrency Test	3
1407	dc3eb4fd-15de-4446-9856-aafd6b4699cc	2026-01-05 16:18:41.649248+05:30	1	2	CREDIT	20.00000000	USD	Concurrency Test	3
1416	c3f01cb4-a524-495c-b743-f496236934ea	2026-01-05 16:18:54.327413+05:30	2	1	DEBIT	20.00000000	USD	Concurrency Test	3
1417	c3f01cb4-a524-495c-b743-f496236934ea	2026-01-05 16:18:54.327413+05:30	1	2	CREDIT	20.00000000	USD	Concurrency Test	3
1430	2617c68b-27f4-4915-9239-00757496f8b3	2026-01-05 16:18:54.620434+05:30	2	1	DEBIT	20.00000000	USD	Concurrency Test	3
1431	2617c68b-27f4-4915-9239-00757496f8b3	2026-01-05 16:18:54.620434+05:30	1	2	CREDIT	20.00000000	USD	Concurrency Test	3
1432	2d04f44d-c892-46c3-af09-fd36ba2e44b2	2026-01-05 16:18:54.6304+05:30	2	1	DEBIT	20.00000000	USD	Concurrency Test	3
1433	2d04f44d-c892-46c3-af09-fd36ba2e44b2	2026-01-05 16:18:54.6304+05:30	1	2	CREDIT	20.00000000	USD	Concurrency Test	3
1434	5694262a-3a29-4983-a1f9-76931e27cdc9	2026-01-05 16:18:54.63937+05:30	2	1	DEBIT	20.00000000	USD	Concurrency Test	3
1435	5694262a-3a29-4983-a1f9-76931e27cdc9	2026-01-05 16:18:54.63937+05:30	1	2	CREDIT	20.00000000	USD	Concurrency Test	3
1442	1625a492-6c9d-42ce-be04-250ed31a599b	2026-01-05 16:18:54.682227+05:30	2	1	DEBIT	20.00000000	USD	Concurrency Test	3
1443	1625a492-6c9d-42ce-be04-250ed31a599b	2026-01-05 16:18:54.682227+05:30	1	2	CREDIT	20.00000000	USD	Concurrency Test	3
1444	572f6613-0b7f-4352-b157-b75662ce58eb	2026-01-05 16:18:54.691199+05:30	2	1	DEBIT	20.00000000	USD	Concurrency Test	3
1445	572f6613-0b7f-4352-b157-b75662ce58eb	2026-01-05 16:18:54.691199+05:30	1	2	CREDIT	20.00000000	USD	Concurrency Test	3
1034	4e1674ab-49ea-44a6-9f62-128451638f36	2026-01-05 16:18:21.118812+05:30	2	3	DEBIT	10.00000000	USD	Concurrency Test	3
1035	4e1674ab-49ea-44a6-9f62-128451638f36	2026-01-05 16:18:21.118812+05:30	3	2	CREDIT	10.00000000	USD	Concurrency Test	3
1040	452c9f7a-f618-4194-bcc7-4c8adcc96d67	2026-01-05 16:18:21.162665+05:30	2	3	DEBIT	10.00000000	USD	Concurrency Test	3
1041	452c9f7a-f618-4194-bcc7-4c8adcc96d67	2026-01-05 16:18:21.162665+05:30	3	2	CREDIT	10.00000000	USD	Concurrency Test	3
1042	cfebedd8-83af-43ab-8248-319b642412d9	2026-01-05 16:18:21.175625+05:30	2	3	DEBIT	10.00000000	USD	Concurrency Test	3
1043	cfebedd8-83af-43ab-8248-319b642412d9	2026-01-05 16:18:21.175625+05:30	3	2	CREDIT	10.00000000	USD	Concurrency Test	3
1044	4bcc4f6a-5f66-4ef2-a5d0-6af250a48149	2026-01-05 16:18:21.187583+05:30	2	3	DEBIT	10.00000000	USD	Concurrency Test	3
1045	4bcc4f6a-5f66-4ef2-a5d0-6af250a48149	2026-01-05 16:18:21.187583+05:30	3	2	CREDIT	10.00000000	USD	Concurrency Test	3
1046	b12ece04-d3f2-45fd-874c-a794b11bc460	2026-01-05 16:18:21.198546+05:30	2	3	DEBIT	10.00000000	USD	Concurrency Test	3
1047	b12ece04-d3f2-45fd-874c-a794b11bc460	2026-01-05 16:18:21.198546+05:30	3	2	CREDIT	10.00000000	USD	Concurrency Test	3
1048	eaa79eed-f4b9-4fd2-b05d-4e80ad8e1f51	2026-01-05 16:18:21.210505+05:30	2	3	DEBIT	10.00000000	USD	Concurrency Test	3
1049	eaa79eed-f4b9-4fd2-b05d-4e80ad8e1f51	2026-01-05 16:18:21.210505+05:30	3	2	CREDIT	10.00000000	USD	Concurrency Test	3
1054	8380b11d-b316-435b-9f2a-0fd6fe6efed7	2026-01-05 16:18:21.406851+05:30	2	3	DEBIT	10.00000000	USD	Concurrency Test	3
1055	8380b11d-b316-435b-9f2a-0fd6fe6efed7	2026-01-05 16:18:21.406851+05:30	3	2	CREDIT	10.00000000	USD	Concurrency Test	3
1056	b1ecbc06-637d-4032-85a0-69ff5455ccc9	2026-01-05 16:18:21.423793+05:30	2	3	DEBIT	10.00000000	USD	Concurrency Test	3
1057	b1ecbc06-637d-4032-85a0-69ff5455ccc9	2026-01-05 16:18:21.423793+05:30	3	2	CREDIT	10.00000000	USD	Concurrency Test	3
1058	1fcaa85d-6cc1-4715-8e87-aa63d5025d3b	2026-01-05 16:18:21.437746+05:30	2	3	DEBIT	10.00000000	USD	Concurrency Test	3
1059	1fcaa85d-6cc1-4715-8e87-aa63d5025d3b	2026-01-05 16:18:21.437746+05:30	3	2	CREDIT	10.00000000	USD	Concurrency Test	3
1060	ed70125d-b4de-4168-878c-d470a474674e	2026-01-05 16:18:21.453693+05:30	2	3	DEBIT	10.00000000	USD	Concurrency Test	3
1061	ed70125d-b4de-4168-878c-d470a474674e	2026-01-05 16:18:21.453693+05:30	3	2	CREDIT	10.00000000	USD	Concurrency Test	3
1228	27a5b679-0f3f-403b-a269-84b3ac8600c3	2026-01-05 16:18:23.708165+05:30	2	3	DEBIT	10.00000000	USD	Concurrency Test	3
1229	27a5b679-0f3f-403b-a269-84b3ac8600c3	2026-01-05 16:18:23.708165+05:30	3	2	CREDIT	10.00000000	USD	Concurrency Test	3
1260	3cafa4b4-805b-4de5-aab8-9b75b5de238f	2026-01-05 16:18:24.063977+05:30	2	3	DEBIT	10.00000000	USD	Concurrency Test	3
1261	3cafa4b4-805b-4de5-aab8-9b75b5de238f	2026-01-05 16:18:24.063977+05:30	3	2	CREDIT	10.00000000	USD	Concurrency Test	3
1262	ee4253c0-1281-4efd-8cfd-d9d3c375958d	2026-01-05 16:18:24.08391+05:30	2	3	DEBIT	10.00000000	USD	Concurrency Test	3
1263	ee4253c0-1281-4efd-8cfd-d9d3c375958d	2026-01-05 16:18:24.08391+05:30	3	2	CREDIT	10.00000000	USD	Concurrency Test	3
1280	27b1f694-fe27-4ae0-86bc-9851c9afbd0e	2026-01-05 16:18:24.270289+05:30	2	3	DEBIT	10.00000000	USD	Concurrency Test	3
1281	27b1f694-fe27-4ae0-86bc-9851c9afbd0e	2026-01-05 16:18:24.270289+05:30	3	2	CREDIT	10.00000000	USD	Concurrency Test	3
1286	81724693-c0f6-468c-b19f-5683a9d0270a	2026-01-05 16:18:35.338325+05:30	2	1	DEBIT	10.00000000	USD	Concurrency Test	3
1287	81724693-c0f6-468c-b19f-5683a9d0270a	2026-01-05 16:18:35.338325+05:30	1	2	CREDIT	10.00000000	USD	Concurrency Test	3
1290	f539c7d9-552b-42cf-9d34-bf1f77db3922	2026-01-05 16:18:35.360252+05:30	2	1	DEBIT	10.00000000	USD	Concurrency Test	3
1291	f539c7d9-552b-42cf-9d34-bf1f77db3922	2026-01-05 16:18:35.360252+05:30	1	2	CREDIT	10.00000000	USD	Concurrency Test	3
1308	a6c35d56-b7c5-4d00-9dc6-55b8bce57e93	2026-01-05 16:18:40.277828+05:30	2	1	DEBIT	20.00000000	USD	Concurrency Test	3
1309	a6c35d56-b7c5-4d00-9dc6-55b8bce57e93	2026-01-05 16:18:40.277828+05:30	1	2	CREDIT	20.00000000	USD	Concurrency Test	3
1340	1d8dfe34-3fb8-4013-8ca2-d1af129d4cd2	2026-01-05 16:18:41.096096+05:30	2	1	DEBIT	20.00000000	USD	Concurrency Test	3
1341	1d8dfe34-3fb8-4013-8ca2-d1af129d4cd2	2026-01-05 16:18:41.096096+05:30	1	2	CREDIT	20.00000000	USD	Concurrency Test	3
1372	1662f243-755e-43f7-bc6a-6b5d48c430b4	2026-01-05 16:18:41.365197+05:30	2	1	DEBIT	20.00000000	USD	Concurrency Test	3
1373	1662f243-755e-43f7-bc6a-6b5d48c430b4	2026-01-05 16:18:41.365197+05:30	1	2	CREDIT	20.00000000	USD	Concurrency Test	3
1374	5d3fb202-0a8f-4772-8b24-99b825aef94c	2026-01-05 16:18:41.375164+05:30	2	1	DEBIT	20.00000000	USD	Concurrency Test	3
1375	5d3fb202-0a8f-4772-8b24-99b825aef94c	2026-01-05 16:18:41.375164+05:30	1	2	CREDIT	20.00000000	USD	Concurrency Test	3
1376	65955602-4753-43b1-a010-f9c2d0f9da8b	2026-01-05 16:18:41.386128+05:30	2	1	DEBIT	20.00000000	USD	Concurrency Test	3
1377	65955602-4753-43b1-a010-f9c2d0f9da8b	2026-01-05 16:18:41.386128+05:30	1	2	CREDIT	20.00000000	USD	Concurrency Test	3
1388	af92b05b-cc78-4a46-b78c-5bea4a518d8e	2026-01-05 16:18:41.561541+05:30	2	1	DEBIT	20.00000000	USD	Concurrency Test	3
1389	af92b05b-cc78-4a46-b78c-5bea4a518d8e	2026-01-05 16:18:41.561541+05:30	1	2	CREDIT	20.00000000	USD	Concurrency Test	3
1390	5c5df996-8db8-424b-b4be-2c7bc288cd7d	2026-01-05 16:18:41.570512+05:30	2	1	DEBIT	20.00000000	USD	Concurrency Test	3
1391	5c5df996-8db8-424b-b4be-2c7bc288cd7d	2026-01-05 16:18:41.570512+05:30	1	2	CREDIT	20.00000000	USD	Concurrency Test	3
1392	bc9518c7-4e16-49d0-aa27-ae4811154c4e	2026-01-05 16:18:41.581475+05:30	2	1	DEBIT	20.00000000	USD	Concurrency Test	3
1393	bc9518c7-4e16-49d0-aa27-ae4811154c4e	2026-01-05 16:18:41.581475+05:30	1	2	CREDIT	20.00000000	USD	Concurrency Test	3
1420	c87b56fc-aa64-4962-b118-1c8701971f8c	2026-01-05 16:18:54.348343+05:30	2	1	DEBIT	20.00000000	USD	Concurrency Test	3
1421	c87b56fc-aa64-4962-b118-1c8701971f8c	2026-01-05 16:18:54.348343+05:30	1	2	CREDIT	20.00000000	USD	Concurrency Test	3
1086	bf1855c4-ab65-4c90-ba4a-f778eeb04de2	2026-01-05 16:18:22.420466+05:30	2	3	DEBIT	10.00000000	USD	Concurrency Test	3
1087	bf1855c4-ab65-4c90-ba4a-f778eeb04de2	2026-01-05 16:18:22.420466+05:30	3	2	CREDIT	10.00000000	USD	Concurrency Test	3
1098	de1ac0d9-d44d-4bb8-ba65-4c6c8dd64b29	2026-01-05 16:18:22.530099+05:30	2	3	DEBIT	10.00000000	USD	Concurrency Test	3
1099	de1ac0d9-d44d-4bb8-ba65-4c6c8dd64b29	2026-01-05 16:18:22.530099+05:30	3	2	CREDIT	10.00000000	USD	Concurrency Test	3
1110	9f6c5240-5f89-49c3-94d7-8d30570b65f4	2026-01-05 16:18:22.639738+05:30	2	3	DEBIT	10.00000000	USD	Concurrency Test	3
1111	9f6c5240-5f89-49c3-94d7-8d30570b65f4	2026-01-05 16:18:22.639738+05:30	3	2	CREDIT	10.00000000	USD	Concurrency Test	3
1114	e99cb673-430f-44c7-b4c0-9c37d1da2137	2026-01-05 16:18:22.678604+05:30	2	3	DEBIT	10.00000000	USD	Concurrency Test	3
1115	e99cb673-430f-44c7-b4c0-9c37d1da2137	2026-01-05 16:18:22.678604+05:30	3	2	CREDIT	10.00000000	USD	Concurrency Test	3
1116	469037b4-1489-479f-bb42-925ad6235872	2026-01-05 16:18:22.701525+05:30	2	3	DEBIT	10.00000000	USD	Concurrency Test	3
1117	469037b4-1489-479f-bb42-925ad6235872	2026-01-05 16:18:22.701525+05:30	3	2	CREDIT	10.00000000	USD	Concurrency Test	3
1118	c0df8e44-8f10-41ba-93bb-41f82c4d265d	2026-01-05 16:18:22.738404+05:30	2	3	DEBIT	10.00000000	USD	Concurrency Test	3
1119	c0df8e44-8f10-41ba-93bb-41f82c4d265d	2026-01-05 16:18:22.738404+05:30	3	2	CREDIT	10.00000000	USD	Concurrency Test	3
1138	105808ec-7c89-48ab-bfad-2ac8e46af831	2026-01-05 16:18:22.950694+05:30	2	3	DEBIT	10.00000000	USD	Concurrency Test	3
1139	105808ec-7c89-48ab-bfad-2ac8e46af831	2026-01-05 16:18:22.950694+05:30	3	2	CREDIT	10.00000000	USD	Concurrency Test	3
1154	5abb37cf-f459-4261-a75e-e6e9f4c38274	2026-01-05 16:18:23.086241+05:30	2	3	DEBIT	10.00000000	USD	Concurrency Test	3
1155	5abb37cf-f459-4261-a75e-e6e9f4c38274	2026-01-05 16:18:23.086241+05:30	3	2	CREDIT	10.00000000	USD	Concurrency Test	3
1156	724c6fca-e64d-4800-ba32-e0ea1a7fc77c	2026-01-05 16:18:23.099198+05:30	2	3	DEBIT	10.00000000	USD	Concurrency Test	3
1157	724c6fca-e64d-4800-ba32-e0ea1a7fc77c	2026-01-05 16:18:23.099198+05:30	3	2	CREDIT	10.00000000	USD	Concurrency Test	3
1176	83c08c69-6e7a-41b3-8d69-6ebbb3ab6a5e	2026-01-05 16:18:23.239729+05:30	2	3	DEBIT	10.00000000	USD	Concurrency Test	3
1177	83c08c69-6e7a-41b3-8d69-6ebbb3ab6a5e	2026-01-05 16:18:23.239729+05:30	3	2	CREDIT	10.00000000	USD	Concurrency Test	3
1178	c854fffc-dbda-4620-a348-974d6b300d84	2026-01-05 16:18:23.26963+05:30	2	3	DEBIT	10.00000000	USD	Concurrency Test	3
1179	c854fffc-dbda-4620-a348-974d6b300d84	2026-01-05 16:18:23.26963+05:30	3	2	CREDIT	10.00000000	USD	Concurrency Test	3
1182	ca290406-d66f-4c29-8158-e652f42808d3	2026-01-05 16:18:23.307503+05:30	2	3	DEBIT	10.00000000	USD	Concurrency Test	3
1183	ca290406-d66f-4c29-8158-e652f42808d3	2026-01-05 16:18:23.307503+05:30	3	2	CREDIT	10.00000000	USD	Concurrency Test	3
1184	5ec95cd2-dfa4-4788-96ba-63bb3b098b98	2026-01-05 16:18:23.320459+05:30	2	3	DEBIT	10.00000000	USD	Concurrency Test	3
1185	5ec95cd2-dfa4-4788-96ba-63bb3b098b98	2026-01-05 16:18:23.320459+05:30	3	2	CREDIT	10.00000000	USD	Concurrency Test	3
1296	bc1006e8-4be6-468f-aed6-bd3dd0e07cdf	2026-01-05 16:18:35.395136+05:30	2	1	DEBIT	10.00000000	USD	Concurrency Test	3
1297	bc1006e8-4be6-468f-aed6-bd3dd0e07cdf	2026-01-05 16:18:35.395136+05:30	1	2	CREDIT	10.00000000	USD	Concurrency Test	3
1320	831ea5b9-da5d-4568-9087-ff2e6ecd4e99	2026-01-05 16:18:40.364539+05:30	2	1	DEBIT	20.00000000	USD	Concurrency Test	3
1321	831ea5b9-da5d-4568-9087-ff2e6ecd4e99	2026-01-05 16:18:40.364539+05:30	1	2	CREDIT	20.00000000	USD	Concurrency Test	3
1322	82c739a3-c4e9-4f09-9fdd-71757f3ed044	2026-01-05 16:18:40.377495+05:30	2	1	DEBIT	20.00000000	USD	Concurrency Test	3
1323	82c739a3-c4e9-4f09-9fdd-71757f3ed044	2026-01-05 16:18:40.377495+05:30	1	2	CREDIT	20.00000000	USD	Concurrency Test	3
1330	faf4166c-a13c-44ba-b0d7-6ae3294db84c	2026-01-05 16:18:41.040282+05:30	2	1	DEBIT	20.00000000	USD	Concurrency Test	3
1331	faf4166c-a13c-44ba-b0d7-6ae3294db84c	2026-01-05 16:18:41.040282+05:30	1	2	CREDIT	20.00000000	USD	Concurrency Test	3
1344	264eb9ff-b9c4-429b-b440-bf182169e426	2026-01-05 16:18:41.130979+05:30	2	1	DEBIT	20.00000000	USD	Concurrency Test	3
1345	264eb9ff-b9c4-429b-b440-bf182169e426	2026-01-05 16:18:41.130979+05:30	1	2	CREDIT	20.00000000	USD	Concurrency Test	3
1364	01221d8e-2276-4da1-92fd-dd492c406059	2026-01-05 16:18:41.288453+05:30	2	1	DEBIT	20.00000000	USD	Concurrency Test	3
1365	01221d8e-2276-4da1-92fd-dd492c406059	2026-01-05 16:18:41.288453+05:30	1	2	CREDIT	20.00000000	USD	Concurrency Test	3
1396	84b88373-5813-418c-83c8-0350fef5aec0	2026-01-05 16:18:41.602404+05:30	2	1	DEBIT	20.00000000	USD	Concurrency Test	3
1397	84b88373-5813-418c-83c8-0350fef5aec0	2026-01-05 16:18:41.602404+05:30	1	2	CREDIT	20.00000000	USD	Concurrency Test	3
1092	e069fe64-5795-42b8-aea2-7862ec617a94	2026-01-05 16:18:22.477275+05:30	2	3	DEBIT	10.00000000	USD	Concurrency Test	3
1093	e069fe64-5795-42b8-aea2-7862ec617a94	2026-01-05 16:18:22.477275+05:30	3	2	CREDIT	10.00000000	USD	Concurrency Test	3
1094	0eafc3bc-1e6a-417c-b538-2b54be76a02c	2026-01-05 16:18:22.490232+05:30	2	3	DEBIT	10.00000000	USD	Concurrency Test	3
1095	0eafc3bc-1e6a-417c-b538-2b54be76a02c	2026-01-05 16:18:22.490232+05:30	3	2	CREDIT	10.00000000	USD	Concurrency Test	3
1096	62fa18fe-d1fc-4700-99c0-9b55fb8686be	2026-01-05 16:18:22.500198+05:30	2	3	DEBIT	10.00000000	USD	Concurrency Test	3
1097	62fa18fe-d1fc-4700-99c0-9b55fb8686be	2026-01-05 16:18:22.500198+05:30	3	2	CREDIT	10.00000000	USD	Concurrency Test	3
1100	a7137927-1ffb-4856-83f7-50636be60b6d	2026-01-05 16:18:22.546045+05:30	2	3	DEBIT	10.00000000	USD	Concurrency Test	3
1101	a7137927-1ffb-4856-83f7-50636be60b6d	2026-01-05 16:18:22.546045+05:30	3	2	CREDIT	10.00000000	USD	Concurrency Test	3
1130	e52471d8-bfa3-4814-9799-591a8b115a3d	2026-01-05 16:18:22.887905+05:30	2	3	DEBIT	10.00000000	USD	Concurrency Test	3
1131	e52471d8-bfa3-4814-9799-591a8b115a3d	2026-01-05 16:18:22.887905+05:30	3	2	CREDIT	10.00000000	USD	Concurrency Test	3
1132	609484d8-3750-4dcc-b935-adccd06d913d	2026-01-05 16:18:22.902855+05:30	2	3	DEBIT	10.00000000	USD	Concurrency Test	3
1133	609484d8-3750-4dcc-b935-adccd06d913d	2026-01-05 16:18:22.902855+05:30	3	2	CREDIT	10.00000000	USD	Concurrency Test	3
1192	c90cea87-801c-42c4-871f-7aebdb55ba4b	2026-01-05 16:18:23.372286+05:30	2	3	DEBIT	10.00000000	USD	Concurrency Test	3
1193	c90cea87-801c-42c4-871f-7aebdb55ba4b	2026-01-05 16:18:23.372286+05:30	3	2	CREDIT	10.00000000	USD	Concurrency Test	3
1194	264c07d1-a3c9-4ae7-977c-11fe80ab3c16	2026-01-05 16:18:23.38923+05:30	2	3	DEBIT	10.00000000	USD	Concurrency Test	3
1195	264c07d1-a3c9-4ae7-977c-11fe80ab3c16	2026-01-05 16:18:23.38923+05:30	3	2	CREDIT	10.00000000	USD	Concurrency Test	3
1264	380f1291-c09e-461f-976e-cffb78e63704	2026-01-05 16:18:24.102847+05:30	2	3	DEBIT	10.00000000	USD	Concurrency Test	3
1265	380f1291-c09e-461f-976e-cffb78e63704	2026-01-05 16:18:24.102847+05:30	3	2	CREDIT	10.00000000	USD	Concurrency Test	3
1142	251d66aa-2fc7-48d5-b03e-f9dbe8c00449	2026-01-05 16:18:22.987571+05:30	2	3	DEBIT	10.00000000	USD	Concurrency Test	3
1143	251d66aa-2fc7-48d5-b03e-f9dbe8c00449	2026-01-05 16:18:22.987571+05:30	3	2	CREDIT	10.00000000	USD	Concurrency Test	3
1220	7da836d7-74e8-46d0-93ce-e73601437486	2026-01-05 16:18:23.620457+05:30	2	3	DEBIT	10.00000000	USD	Concurrency Test	3
1221	7da836d7-74e8-46d0-93ce-e73601437486	2026-01-05 16:18:23.620457+05:30	3	2	CREDIT	10.00000000	USD	Concurrency Test	3
1226	9881a472-bab3-4fc1-a896-4936e74cb2c7	2026-01-05 16:18:23.682251+05:30	2	3	DEBIT	10.00000000	USD	Concurrency Test	3
1227	9881a472-bab3-4fc1-a896-4936e74cb2c7	2026-01-05 16:18:23.682251+05:30	3	2	CREDIT	10.00000000	USD	Concurrency Test	3
1230	196698cc-9e6c-4040-a302-a78b025b4942	2026-01-05 16:18:23.729095+05:30	2	3	DEBIT	10.00000000	USD	Concurrency Test	3
1231	196698cc-9e6c-4040-a302-a78b025b4942	2026-01-05 16:18:23.729095+05:30	3	2	CREDIT	10.00000000	USD	Concurrency Test	3
1252	40b29622-b362-43b8-947b-7f1548fe204b	2026-01-05 16:18:23.933413+05:30	2	3	DEBIT	10.00000000	USD	Concurrency Test	3
1253	40b29622-b362-43b8-947b-7f1548fe204b	2026-01-05 16:18:23.933413+05:30	3	2	CREDIT	10.00000000	USD	Concurrency Test	3
1254	d5226812-b69d-4bd7-b10e-1e1194f5d18a	2026-01-05 16:18:23.944376+05:30	2	3	DEBIT	10.00000000	USD	Concurrency Test	3
1255	d5226812-b69d-4bd7-b10e-1e1194f5d18a	2026-01-05 16:18:23.944376+05:30	3	2	CREDIT	10.00000000	USD	Concurrency Test	3
1276	f694bf05-0ca1-48aa-a7c8-bfd945d6addc	2026-01-05 16:18:24.236402+05:30	2	3	DEBIT	10.00000000	USD	Concurrency Test	3
1277	f694bf05-0ca1-48aa-a7c8-bfd945d6addc	2026-01-05 16:18:24.236402+05:30	3	2	CREDIT	10.00000000	USD	Concurrency Test	3
1278	54ff403b-30d5-4343-b7ac-40f84f264caa	2026-01-05 16:18:24.249358+05:30	2	3	DEBIT	10.00000000	USD	Concurrency Test	3
1279	54ff403b-30d5-4343-b7ac-40f84f264caa	2026-01-05 16:18:24.249358+05:30	3	2	CREDIT	10.00000000	USD	Concurrency Test	3
1348	e8fd33f6-3aca-4e66-8450-f0536c4deaf7	2026-01-05 16:18:41.173837+05:30	2	1	DEBIT	20.00000000	USD	Concurrency Test	3
1349	e8fd33f6-3aca-4e66-8450-f0536c4deaf7	2026-01-05 16:18:41.173837+05:30	1	2	CREDIT	20.00000000	USD	Concurrency Test	3
1350	c0d4079b-b9c2-49f6-93a2-34f12b0513a3	2026-01-05 16:18:41.210713+05:30	2	1	DEBIT	20.00000000	USD	Concurrency Test	3
1351	c0d4079b-b9c2-49f6-93a2-34f12b0513a3	2026-01-05 16:18:41.210713+05:30	1	2	CREDIT	20.00000000	USD	Concurrency Test	3
1352	d7579cdd-c30e-48ac-a5d6-e26a2eabc793	2026-01-05 16:18:41.218692+05:30	2	1	DEBIT	20.00000000	USD	Concurrency Test	3
1353	d7579cdd-c30e-48ac-a5d6-e26a2eabc793	2026-01-05 16:18:41.218692+05:30	1	2	CREDIT	20.00000000	USD	Concurrency Test	3
1354	42958e92-c574-4633-b195-3c6df9d560e3	2026-01-05 16:18:41.230646+05:30	2	1	DEBIT	20.00000000	USD	Concurrency Test	3
1355	42958e92-c574-4633-b195-3c6df9d560e3	2026-01-05 16:18:41.230646+05:30	1	2	CREDIT	20.00000000	USD	Concurrency Test	3
1356	b185e30c-1182-47b8-b90e-ca2aa580623c	2026-01-05 16:18:41.242606+05:30	2	1	DEBIT	20.00000000	USD	Concurrency Test	3
1357	b185e30c-1182-47b8-b90e-ca2aa580623c	2026-01-05 16:18:41.242606+05:30	1	2	CREDIT	20.00000000	USD	Concurrency Test	3
1394	1bccfa72-bcc4-4dc4-bfce-c05377aad1f2	2026-01-05 16:18:41.591442+05:30	2	1	DEBIT	20.00000000	USD	Concurrency Test	3
1395	1bccfa72-bcc4-4dc4-bfce-c05377aad1f2	2026-01-05 16:18:41.591442+05:30	1	2	CREDIT	20.00000000	USD	Concurrency Test	3
1410	74c0b3df-700c-4b51-92b1-b365ac9bdd48	2026-01-05 16:18:54.295519+05:30	2	1	DEBIT	20.00000000	USD	Concurrency Test	3
1411	74c0b3df-700c-4b51-92b1-b365ac9bdd48	2026-01-05 16:18:54.295519+05:30	1	2	CREDIT	20.00000000	USD	Concurrency Test	3
1412	29745293-617d-4389-8063-c25c9fbb1872	2026-01-05 16:18:54.304488+05:30	2	1	DEBIT	20.00000000	USD	Concurrency Test	3
1413	29745293-617d-4389-8063-c25c9fbb1872	2026-01-05 16:18:54.304488+05:30	1	2	CREDIT	20.00000000	USD	Concurrency Test	3
1414	a984a160-690f-49bf-815b-ac391332a62d	2026-01-05 16:18:54.315453+05:30	2	1	DEBIT	20.00000000	USD	Concurrency Test	3
1415	a984a160-690f-49bf-815b-ac391332a62d	2026-01-05 16:18:54.315453+05:30	1	2	CREDIT	20.00000000	USD	Concurrency Test	3
1146	42d4cc0d-f26f-4432-a418-51da95221446	2026-01-05 16:18:23.019464+05:30	2	3	DEBIT	10.00000000	USD	Concurrency Test	3
1147	42d4cc0d-f26f-4432-a418-51da95221446	2026-01-05 16:18:23.019464+05:30	3	2	CREDIT	10.00000000	USD	Concurrency Test	3
1196	bce1348c-fc9b-40af-8185-523f046baf35	2026-01-05 16:18:23.417136+05:30	2	3	DEBIT	10.00000000	USD	Concurrency Test	3
1197	bce1348c-fc9b-40af-8185-523f046baf35	2026-01-05 16:18:23.417136+05:30	3	2	CREDIT	10.00000000	USD	Concurrency Test	3
1198	99646b8d-6fe8-4ad8-8728-b4f56be1a658	2026-01-05 16:18:23.436074+05:30	2	3	DEBIT	10.00000000	USD	Concurrency Test	3
1199	99646b8d-6fe8-4ad8-8728-b4f56be1a658	2026-01-05 16:18:23.436074+05:30	3	2	CREDIT	10.00000000	USD	Concurrency Test	3
1208	3a1903b0-94c9-40f9-8ba7-103d84b0c44b	2026-01-05 16:18:23.52976+05:30	2	3	DEBIT	10.00000000	USD	Concurrency Test	3
1209	3a1903b0-94c9-40f9-8ba7-103d84b0c44b	2026-01-05 16:18:23.52976+05:30	3	2	CREDIT	10.00000000	USD	Concurrency Test	3
1212	4885b836-304d-4590-81a9-ac3e2e843441	2026-01-05 16:18:23.550692+05:30	2	3	DEBIT	10.00000000	USD	Concurrency Test	3
1213	4885b836-304d-4590-81a9-ac3e2e843441	2026-01-05 16:18:23.550692+05:30	3	2	CREDIT	10.00000000	USD	Concurrency Test	3
1214	544affce-fe95-4cea-9d90-617154c82df3	2026-01-05 16:18:23.560657+05:30	2	3	DEBIT	10.00000000	USD	Concurrency Test	3
1215	544affce-fe95-4cea-9d90-617154c82df3	2026-01-05 16:18:23.560657+05:30	3	2	CREDIT	10.00000000	USD	Concurrency Test	3
1216	da9d44b2-23fa-4d10-bf84-4a0b506d1e83	2026-01-05 16:18:23.568631+05:30	2	3	DEBIT	10.00000000	USD	Concurrency Test	3
1217	da9d44b2-23fa-4d10-bf84-4a0b506d1e83	2026-01-05 16:18:23.568631+05:30	3	2	CREDIT	10.00000000	USD	Concurrency Test	3
1218	6ebbdd14-c572-4292-a1e7-8a94944a8c78	2026-01-05 16:18:23.605508+05:30	2	3	DEBIT	10.00000000	USD	Concurrency Test	3
1219	6ebbdd14-c572-4292-a1e7-8a94944a8c78	2026-01-05 16:18:23.605508+05:30	3	2	CREDIT	10.00000000	USD	Concurrency Test	3
1222	afed7435-f755-4ed5-bf47-c5c25be422c1	2026-01-05 16:18:23.647369+05:30	2	3	DEBIT	10.00000000	USD	Concurrency Test	3
1223	afed7435-f755-4ed5-bf47-c5c25be422c1	2026-01-05 16:18:23.647369+05:30	3	2	CREDIT	10.00000000	USD	Concurrency Test	3
1224	5d431fb5-e87b-4b96-8224-8688a86d9121	2026-01-05 16:18:23.666305+05:30	2	3	DEBIT	10.00000000	USD	Concurrency Test	3
1225	5d431fb5-e87b-4b96-8224-8688a86d9121	2026-01-05 16:18:23.666305+05:30	3	2	CREDIT	10.00000000	USD	Concurrency Test	3
1298	5d394e17-fa96-4cc8-a96d-08e4c2239dcb	2026-01-05 16:18:35.405101+05:30	2	1	DEBIT	10.00000000	USD	Concurrency Test	3
1299	5d394e17-fa96-4cc8-a96d-08e4c2239dcb	2026-01-05 16:18:35.405101+05:30	1	2	CREDIT	10.00000000	USD	Concurrency Test	3
1300	2126833d-3d00-4dbf-9193-1caaa4a22e83	2026-01-05 16:18:35.416064+05:30	2	1	DEBIT	10.00000000	USD	Concurrency Test	3
1301	2126833d-3d00-4dbf-9193-1caaa4a22e83	2026-01-05 16:18:35.416064+05:30	1	2	CREDIT	10.00000000	USD	Concurrency Test	3
1314	28a72bfa-6667-4afc-b167-01652fb728dc	2026-01-05 16:18:40.326666+05:30	2	1	DEBIT	20.00000000	USD	Concurrency Test	3
1315	28a72bfa-6667-4afc-b167-01652fb728dc	2026-01-05 16:18:40.326666+05:30	1	2	CREDIT	20.00000000	USD	Concurrency Test	3
1316	fd87a371-2aec-4034-b63c-374b8a0179d9	2026-01-05 16:18:40.340619+05:30	2	1	DEBIT	20.00000000	USD	Concurrency Test	3
1317	fd87a371-2aec-4034-b63c-374b8a0179d9	2026-01-05 16:18:40.340619+05:30	1	2	CREDIT	20.00000000	USD	Concurrency Test	3
1342	f6cb6616-d2f8-48ba-a866-1c8cf8e27083	2026-01-05 16:18:41.11603+05:30	2	1	DEBIT	20.00000000	USD	Concurrency Test	3
1343	f6cb6616-d2f8-48ba-a866-1c8cf8e27083	2026-01-05 16:18:41.11603+05:30	1	2	CREDIT	20.00000000	USD	Concurrency Test	3
1370	646d78fb-9bb6-49a7-80e8-95bc36d7d6fb	2026-01-05 16:18:41.354233+05:30	2	1	DEBIT	20.00000000	USD	Concurrency Test	3
1371	646d78fb-9bb6-49a7-80e8-95bc36d7d6fb	2026-01-05 16:18:41.354233+05:30	1	2	CREDIT	20.00000000	USD	Concurrency Test	3
1418	31e10b86-9eb6-4910-b42d-f6232962b34d	2026-01-05 16:18:54.33738+05:30	2	1	DEBIT	20.00000000	USD	Concurrency Test	3
1419	31e10b86-9eb6-4910-b42d-f6232962b34d	2026-01-05 16:18:54.33738+05:30	1	2	CREDIT	20.00000000	USD	Concurrency Test	3
1436	7d83939d-7d71-41b0-b850-0ed8c57bb903	2026-01-05 16:18:54.653324+05:30	2	1	DEBIT	20.00000000	USD	Concurrency Test	3
1437	7d83939d-7d71-41b0-b850-0ed8c57bb903	2026-01-05 16:18:54.653324+05:30	1	2	CREDIT	20.00000000	USD	Concurrency Test	3
1438	280fa70b-8dcb-488f-8cde-c267c42a993a	2026-01-05 16:18:54.662294+05:30	2	1	DEBIT	20.00000000	USD	Concurrency Test	3
1439	280fa70b-8dcb-488f-8cde-c267c42a993a	2026-01-05 16:18:54.662294+05:30	1	2	CREDIT	20.00000000	USD	Concurrency Test	3
1148	650d120f-cacb-4650-a033-681e6349ca11	2026-01-05 16:18:23.036408+05:30	2	3	DEBIT	10.00000000	USD	Concurrency Test	3
1149	650d120f-cacb-4650-a033-681e6349ca11	2026-01-05 16:18:23.036408+05:30	3	2	CREDIT	10.00000000	USD	Concurrency Test	3
1150	2c39bfe8-cdfa-4227-ad6a-083e8fe149d8	2026-01-05 16:18:23.050363+05:30	2	3	DEBIT	10.00000000	USD	Concurrency Test	3
1151	2c39bfe8-cdfa-4227-ad6a-083e8fe149d8	2026-01-05 16:18:23.050363+05:30	3	2	CREDIT	10.00000000	USD	Concurrency Test	3
1188	b35bb385-9c35-4eb9-9346-ec3fdf20b7fc	2026-01-05 16:18:23.345376+05:30	2	3	DEBIT	10.00000000	USD	Concurrency Test	3
1189	b35bb385-9c35-4eb9-9346-ec3fdf20b7fc	2026-01-05 16:18:23.345376+05:30	3	2	CREDIT	10.00000000	USD	Concurrency Test	3
1190	d8952bac-0a3a-4132-a9e1-d2192be24b47	2026-01-05 16:18:23.359331+05:30	2	3	DEBIT	10.00000000	USD	Concurrency Test	3
1191	d8952bac-0a3a-4132-a9e1-d2192be24b47	2026-01-05 16:18:23.359331+05:30	3	2	CREDIT	10.00000000	USD	Concurrency Test	3
1242	f3236bb9-39d5-4b83-b479-7d52074a961c	2026-01-05 16:18:23.847699+05:30	2	3	DEBIT	10.00000000	USD	Concurrency Test	3
1243	f3236bb9-39d5-4b83-b479-7d52074a961c	2026-01-05 16:18:23.847699+05:30	3	2	CREDIT	10.00000000	USD	Concurrency Test	3
1244	5f21e2d7-5ce2-4616-93d7-cfc679747cc3	2026-01-05 16:18:23.868631+05:30	2	3	DEBIT	10.00000000	USD	Concurrency Test	3
1245	5f21e2d7-5ce2-4616-93d7-cfc679747cc3	2026-01-05 16:18:23.868631+05:30	3	2	CREDIT	10.00000000	USD	Concurrency Test	3
1318	394ba834-92a9-4293-8e4b-458c534187c2	2026-01-05 16:18:40.351582+05:30	2	1	DEBIT	20.00000000	USD	Concurrency Test	3
1319	394ba834-92a9-4293-8e4b-458c534187c2	2026-01-05 16:18:40.351582+05:30	1	2	CREDIT	20.00000000	USD	Concurrency Test	3
1332	948b52df-a08f-45dd-92ca-2ac5c3690244	2026-01-05 16:18:41.051246+05:30	2	1	DEBIT	20.00000000	USD	Concurrency Test	3
1333	948b52df-a08f-45dd-92ca-2ac5c3690244	2026-01-05 16:18:41.051246+05:30	1	2	CREDIT	20.00000000	USD	Concurrency Test	3
1334	ad720ced-b90d-4dd9-a8d4-6a1901e56056	2026-01-05 16:18:41.060216+05:30	2	1	DEBIT	20.00000000	USD	Concurrency Test	3
1335	ad720ced-b90d-4dd9-a8d4-6a1901e56056	2026-01-05 16:18:41.060216+05:30	1	2	CREDIT	20.00000000	USD	Concurrency Test	3
1358	83cc715b-b223-4599-a7cd-022115e1bea2	2026-01-05 16:18:41.256559+05:30	2	1	DEBIT	20.00000000	USD	Concurrency Test	3
1359	83cc715b-b223-4599-a7cd-022115e1bea2	2026-01-05 16:18:41.256559+05:30	1	2	CREDIT	20.00000000	USD	Concurrency Test	3
1360	9d8f6180-50bd-4bdc-9694-c0e9668440af	2026-01-05 16:18:41.265531+05:30	2	1	DEBIT	20.00000000	USD	Concurrency Test	3
1361	9d8f6180-50bd-4bdc-9694-c0e9668440af	2026-01-05 16:18:41.265531+05:30	1	2	CREDIT	20.00000000	USD	Concurrency Test	3
1362	5b6f8c85-d1d2-425c-a0e9-e27fdc8c44d4	2026-01-05 16:18:41.279483+05:30	2	1	DEBIT	20.00000000	USD	Concurrency Test	3
1363	5b6f8c85-d1d2-425c-a0e9-e27fdc8c44d4	2026-01-05 16:18:41.279483+05:30	1	2	CREDIT	20.00000000	USD	Concurrency Test	3
1426	6aee7742-f95a-404f-a094-1d90b229bb59	2026-01-05 16:18:54.380237+05:30	2	1	DEBIT	20.00000000	USD	Concurrency Test	3
1427	6aee7742-f95a-404f-a094-1d90b229bb59	2026-01-05 16:18:54.380237+05:30	1	2	CREDIT	20.00000000	USD	Concurrency Test	3
1440	8aa6424b-4125-499d-848c-4c6a2bfdd83a	2026-01-05 16:18:54.671266+05:30	2	1	DEBIT	20.00000000	USD	Concurrency Test	3
1441	8aa6424b-4125-499d-848c-4c6a2bfdd83a	2026-01-05 16:18:54.671266+05:30	1	2	CREDIT	20.00000000	USD	Concurrency Test	3
1248	17c134f4-75cb-4866-b750-5c1f9fec9d4e	2026-01-05 16:18:23.90152+05:30	2	3	DEBIT	10.00000000	USD	Concurrency Test	3
1249	17c134f4-75cb-4866-b750-5c1f9fec9d4e	2026-01-05 16:18:23.90152+05:30	3	2	CREDIT	10.00000000	USD	Concurrency Test	3
1250	0e4b0d61-49cb-4ac2-917f-1c0e2bf40322	2026-01-05 16:18:23.91348+05:30	2	3	DEBIT	10.00000000	USD	Concurrency Test	3
1251	0e4b0d61-49cb-4ac2-917f-1c0e2bf40322	2026-01-05 16:18:23.91348+05:30	3	2	CREDIT	10.00000000	USD	Concurrency Test	3
1302	7a566e71-f48b-48ed-a8e8-3eae0889b9cc	2026-01-05 16:18:40.232978+05:30	2	1	DEBIT	20.00000000	USD	Concurrency Test	3
1303	7a566e71-f48b-48ed-a8e8-3eae0889b9cc	2026-01-05 16:18:40.232978+05:30	1	2	CREDIT	20.00000000	USD	Concurrency Test	3
1304	21fffec3-8489-4315-8a18-294f813f766e	2026-01-05 16:18:40.245935+05:30	2	1	DEBIT	20.00000000	USD	Concurrency Test	3
1305	21fffec3-8489-4315-8a18-294f813f766e	2026-01-05 16:18:40.245935+05:30	1	2	CREDIT	20.00000000	USD	Concurrency Test	3
1306	b303befe-56ce-4967-afe3-3337dc073173	2026-01-05 16:18:40.261881+05:30	2	1	DEBIT	20.00000000	USD	Concurrency Test	3
1307	b303befe-56ce-4967-afe3-3337dc073173	2026-01-05 16:18:40.261881+05:30	1	2	CREDIT	20.00000000	USD	Concurrency Test	3
1338	b147779a-c067-4367-8fab-cdbb5e0c90f6	2026-01-05 16:18:41.081146+05:30	2	1	DEBIT	20.00000000	USD	Concurrency Test	3
1339	b147779a-c067-4367-8fab-cdbb5e0c90f6	2026-01-05 16:18:41.081146+05:30	1	2	CREDIT	20.00000000	USD	Concurrency Test	3
1346	2a351e90-83bf-4166-b98f-d5230e13b47e	2026-01-05 16:18:41.158886+05:30	2	1	DEBIT	20.00000000	USD	Concurrency Test	3
1347	2a351e90-83bf-4166-b98f-d5230e13b47e	2026-01-05 16:18:41.158886+05:30	1	2	CREDIT	20.00000000	USD	Concurrency Test	3
1380	76b2ce23-b892-4ca3-b8dd-2e7e75098e3d	2026-01-05 16:18:41.406061+05:30	2	1	DEBIT	20.00000000	USD	Concurrency Test	3
1381	76b2ce23-b892-4ca3-b8dd-2e7e75098e3d	2026-01-05 16:18:41.406061+05:30	1	2	CREDIT	20.00000000	USD	Concurrency Test	3
1268	433edbfe-f996-4c51-a538-92135a432a32	2026-01-05 16:18:24.139723+05:30	2	3	DEBIT	10.00000000	USD	Concurrency Test	3
1269	433edbfe-f996-4c51-a538-92135a432a32	2026-01-05 16:18:24.139723+05:30	3	2	CREDIT	10.00000000	USD	Concurrency Test	3
1270	70d37774-dd3f-41de-97da-fa8c54bc08a8	2026-01-05 16:18:24.163644+05:30	2	3	DEBIT	10.00000000	USD	Concurrency Test	3
1271	70d37774-dd3f-41de-97da-fa8c54bc08a8	2026-01-05 16:18:24.163644+05:30	3	2	CREDIT	10.00000000	USD	Concurrency Test	3
1272	e7eb99fb-f59c-4eee-803f-2e2a0e61d6dd	2026-01-05 16:18:24.18258+05:30	2	3	DEBIT	10.00000000	USD	Concurrency Test	3
1273	e7eb99fb-f59c-4eee-803f-2e2a0e61d6dd	2026-01-05 16:18:24.18258+05:30	3	2	CREDIT	10.00000000	USD	Concurrency Test	3
1274	a2e5130f-73ae-48b2-8719-6d31ec0ece46	2026-01-05 16:18:24.208494+05:30	2	3	DEBIT	10.00000000	USD	Concurrency Test	3
1275	a2e5130f-73ae-48b2-8719-6d31ec0ece46	2026-01-05 16:18:24.208494+05:30	3	2	CREDIT	10.00000000	USD	Concurrency Test	3
1284	6ebce239-755e-4837-8b9d-bf60f2663efe	2026-01-05 16:18:35.326364+05:30	2	1	DEBIT	10.00000000	USD	Concurrency Test	3
1285	6ebce239-755e-4837-8b9d-bf60f2663efe	2026-01-05 16:18:35.326364+05:30	1	2	CREDIT	10.00000000	USD	Concurrency Test	3
1292	b39b2b8b-9f76-4db6-95c1-5d6570f4a115	2026-01-05 16:18:35.370218+05:30	2	1	DEBIT	10.00000000	USD	Concurrency Test	3
1293	b39b2b8b-9f76-4db6-95c1-5d6570f4a115	2026-01-05 16:18:35.370218+05:30	1	2	CREDIT	10.00000000	USD	Concurrency Test	3
1294	27f34e2f-81c0-418e-ab90-0d44c0c69b12	2026-01-05 16:18:35.384171+05:30	2	1	DEBIT	10.00000000	USD	Concurrency Test	3
1295	27f34e2f-81c0-418e-ab90-0d44c0c69b12	2026-01-05 16:18:35.384171+05:30	1	2	CREDIT	10.00000000	USD	Concurrency Test	3
1310	dc7d6de0-5a2d-4305-bb5c-f8ddf2317bf6	2026-01-05 16:18:40.293775+05:30	2	1	DEBIT	20.00000000	USD	Concurrency Test	3
1311	dc7d6de0-5a2d-4305-bb5c-f8ddf2317bf6	2026-01-05 16:18:40.293775+05:30	1	2	CREDIT	20.00000000	USD	Concurrency Test	3
1324	ae313e46-b0b4-44d4-8635-d2ccaf9e2f0c	2026-01-05 16:18:41.006395+05:30	2	1	DEBIT	20.00000000	USD	Concurrency Test	3
1325	ae313e46-b0b4-44d4-8635-d2ccaf9e2f0c	2026-01-05 16:18:41.006395+05:30	1	2	CREDIT	20.00000000	USD	Concurrency Test	3
1326	f740d988-5c41-412d-a1ff-f4c2712982bb	2026-01-05 16:18:41.015365+05:30	2	1	DEBIT	20.00000000	USD	Concurrency Test	3
1327	f740d988-5c41-412d-a1ff-f4c2712982bb	2026-01-05 16:18:41.015365+05:30	1	2	CREDIT	20.00000000	USD	Concurrency Test	3
1328	c6223ef7-7991-49ed-94f3-3a296c3d66ba	2026-01-05 16:18:41.025333+05:30	2	1	DEBIT	20.00000000	USD	Concurrency Test	3
1329	c6223ef7-7991-49ed-94f3-3a296c3d66ba	2026-01-05 16:18:41.025333+05:30	1	2	CREDIT	20.00000000	USD	Concurrency Test	3
1366	0829bc95-53e9-4c48-abf8-fddd44a730d4	2026-01-05 16:18:41.332307+05:30	2	1	DEBIT	20.00000000	USD	Concurrency Test	3
1367	0829bc95-53e9-4c48-abf8-fddd44a730d4	2026-01-05 16:18:41.332307+05:30	1	2	CREDIT	20.00000000	USD	Concurrency Test	3
1368	b3d55189-8e1c-4be5-a032-0129780131fc	2026-01-05 16:18:41.342273+05:30	2	1	DEBIT	20.00000000	USD	Concurrency Test	3
1369	b3d55189-8e1c-4be5-a032-0129780131fc	2026-01-05 16:18:41.342273+05:30	1	2	CREDIT	20.00000000	USD	Concurrency Test	3
1378	df360b82-3858-4b94-9088-826a2c0e32bf	2026-01-05 16:18:41.396093+05:30	2	1	DEBIT	20.00000000	USD	Concurrency Test	3
1379	df360b82-3858-4b94-9088-826a2c0e32bf	2026-01-05 16:18:41.396093+05:30	1	2	CREDIT	20.00000000	USD	Concurrency Test	3
1384	e2140b62-080a-499d-8a8f-039f4162a8ce	2026-01-05 16:18:41.430978+05:30	2	1	DEBIT	20.00000000	USD	Concurrency Test	3
1385	e2140b62-080a-499d-8a8f-039f4162a8ce	2026-01-05 16:18:41.430978+05:30	1	2	CREDIT	20.00000000	USD	Concurrency Test	3
1386	3d1a6bf3-e4c2-46e9-a222-9fede2250d8d	2026-01-05 16:18:41.550578+05:30	2	1	DEBIT	20.00000000	USD	Concurrency Test	3
1387	3d1a6bf3-e4c2-46e9-a222-9fede2250d8d	2026-01-05 16:18:41.550578+05:30	1	2	CREDIT	20.00000000	USD	Concurrency Test	3
1400	843e7a58-4cff-4d2e-9dce-572fde9fa983	2026-01-05 16:18:41.622339+05:30	2	1	DEBIT	20.00000000	USD	Concurrency Test	3
1401	843e7a58-4cff-4d2e-9dce-572fde9fa983	2026-01-05 16:18:41.622339+05:30	1	2	CREDIT	20.00000000	USD	Concurrency Test	3
1408	92ffd5da-acb9-4212-96b3-b86193831dcf	2026-01-05 16:18:54.285552+05:30	2	1	DEBIT	20.00000000	USD	Concurrency Test	3
1409	92ffd5da-acb9-4212-96b3-b86193831dcf	2026-01-05 16:18:54.285552+05:30	1	2	CREDIT	20.00000000	USD	Concurrency Test	3
1422	aa97cb85-1c43-4398-b032-f0487b112015	2026-01-05 16:18:54.358309+05:30	2	1	DEBIT	20.00000000	USD	Concurrency Test	3
1423	aa97cb85-1c43-4398-b032-f0487b112015	2026-01-05 16:18:54.358309+05:30	1	2	CREDIT	20.00000000	USD	Concurrency Test	3
1424	c4db6bfb-21e0-457f-8b8e-63adfdf1e50f	2026-01-05 16:18:54.368276+05:30	2	1	DEBIT	20.00000000	USD	Concurrency Test	3
1425	c4db6bfb-21e0-457f-8b8e-63adfdf1e50f	2026-01-05 16:18:54.368276+05:30	1	2	CREDIT	20.00000000	USD	Concurrency Test	3
1428	86a579cf-4100-49b2-ab4c-b5cd5703a044	2026-01-05 16:18:54.611463+05:30	2	1	DEBIT	20.00000000	USD	Concurrency Test	3
1429	86a579cf-4100-49b2-ab4c-b5cd5703a044	2026-01-05 16:18:54.611463+05:30	1	2	CREDIT	20.00000000	USD	Concurrency Test	3
1446	87477adf-5f5b-4bcb-a5f8-373487a59158	2026-01-05 16:18:54.701164+05:30	2	1	DEBIT	20.00000000	USD	Concurrency Test	3
1447	87477adf-5f5b-4bcb-a5f8-373487a59158	2026-01-05 16:18:54.701164+05:30	1	2	CREDIT	20.00000000	USD	Concurrency Test	3
1448	395508c5-7257-4717-9e57-211a388912cb	2026-01-05 19:07:28.212806+05:30	2	1	DEBIT	10.00000000	USD	Concurrency Test	3
1449	395508c5-7257-4717-9e57-211a388912cb	2026-01-05 19:07:28.212806+05:30	1	2	CREDIT	10.00000000	USD	Concurrency Test	3
1450	a1a80e2f-855c-4986-978e-213bc265fbc9	2026-01-05 19:07:28.342824+05:30	2	1	DEBIT	10.00000000	USD	Concurrency Test	3
1451	a1a80e2f-855c-4986-978e-213bc265fbc9	2026-01-05 19:07:28.342824+05:30	1	2	CREDIT	10.00000000	USD	Concurrency Test	3
1452	36e6fd9d-2cb3-457a-a4d7-feaf2d2bb492	2026-01-05 19:07:28.436011+05:30	2	1	DEBIT	10.00000000	USD	Concurrency Test	3
1453	36e6fd9d-2cb3-457a-a4d7-feaf2d2bb492	2026-01-05 19:07:28.436011+05:30	1	2	CREDIT	10.00000000	USD	Concurrency Test	3
1454	89ecb236-dae7-44da-9586-9cc669418f5a	2026-01-05 19:07:28.476674+05:30	2	1	DEBIT	10.00000000	USD	Concurrency Test	3
1455	89ecb236-dae7-44da-9586-9cc669418f5a	2026-01-05 19:07:28.476674+05:30	1	2	CREDIT	10.00000000	USD	Concurrency Test	3
1456	2f0d849f-0c1d-49a7-8fe3-2c934a4a161a	2026-01-05 19:07:28.580891+05:30	2	1	DEBIT	10.00000000	USD	Concurrency Test	3
1457	2f0d849f-0c1d-49a7-8fe3-2c934a4a161a	2026-01-05 19:07:28.580891+05:30	1	2	CREDIT	10.00000000	USD	Concurrency Test	3
1458	bc89d17d-7e2a-4893-84e3-5b9577493c85	2026-01-05 19:07:28.64649+05:30	2	1	DEBIT	10.00000000	USD	Concurrency Test	3
1459	bc89d17d-7e2a-4893-84e3-5b9577493c85	2026-01-05 19:07:28.64649+05:30	1	2	CREDIT	10.00000000	USD	Concurrency Test	3
1460	83ea1697-4f74-4d6d-be20-1f96bbb99f29	2026-01-05 19:07:28.71311+05:30	2	1	DEBIT	10.00000000	USD	Concurrency Test	3
1461	83ea1697-4f74-4d6d-be20-1f96bbb99f29	2026-01-05 19:07:28.71311+05:30	1	2	CREDIT	10.00000000	USD	Concurrency Test	3
1462	eb8fbc3f-d854-4bf2-a9ca-b76ae18abeda	2026-01-05 19:07:28.750137+05:30	2	1	DEBIT	10.00000000	USD	Concurrency Test	3
1463	eb8fbc3f-d854-4bf2-a9ca-b76ae18abeda	2026-01-05 19:07:28.750137+05:30	1	2	CREDIT	10.00000000	USD	Concurrency Test	3
1464	71706161-6429-4fd2-9dd2-6f9e118b1d97	2026-01-05 19:07:28.814321+05:30	2	1	DEBIT	10.00000000	USD	Concurrency Test	3
1465	71706161-6429-4fd2-9dd2-6f9e118b1d97	2026-01-05 19:07:28.814321+05:30	1	2	CREDIT	10.00000000	USD	Concurrency Test	3
1466	cc102811-3c67-434b-91ef-d4c24c77dc7a	2026-01-05 19:07:28.844519+05:30	2	1	DEBIT	10.00000000	USD	Concurrency Test	3
1467	cc102811-3c67-434b-91ef-d4c24c77dc7a	2026-01-05 19:07:28.844519+05:30	1	2	CREDIT	10.00000000	USD	Concurrency Test	3
1468	64c9b251-8b9b-4b6f-ab29-15d8e1f5eb78	2026-01-05 19:07:28.872886+05:30	2	1	DEBIT	10.00000000	USD	Concurrency Test	3
1469	64c9b251-8b9b-4b6f-ab29-15d8e1f5eb78	2026-01-05 19:07:28.872886+05:30	1	2	CREDIT	10.00000000	USD	Concurrency Test	3
1470	17074654-5303-4e23-82b1-4a1faed5908f	2026-01-05 19:07:28.892709+05:30	2	1	DEBIT	10.00000000	USD	Concurrency Test	3
1471	17074654-5303-4e23-82b1-4a1faed5908f	2026-01-05 19:07:28.892709+05:30	1	2	CREDIT	10.00000000	USD	Concurrency Test	3
1472	19fb7249-6136-4063-a68f-2a562f8d9b8d	2026-01-05 19:08:19.559169+05:30	3	1	DEBIT	20000.00000000	USD	OTP verified transfer	3
1473	19fb7249-6136-4063-a68f-2a562f8d9b8d	2026-01-05 19:08:19.559169+05:30	1	3	CREDIT	20000.00000000	USD	OTP verified transfer	3
1476	bbc46580-1ebd-4525-abd5-3502032cd83b	2026-01-05 19:12:10.250708+05:30	2	3	DEBIT	10.00000000	USD	Concurrency Test	3
1477	bbc46580-1ebd-4525-abd5-3502032cd83b	2026-01-05 19:12:10.250708+05:30	3	2	CREDIT	10.00000000	USD	Concurrency Test	3
1480	8039059c-b757-473e-997b-8aa5c7ce4dd8	2026-01-05 19:12:10.320629+05:30	2	3	DEBIT	10.00000000	USD	Concurrency Test	3
1481	8039059c-b757-473e-997b-8aa5c7ce4dd8	2026-01-05 19:12:10.320629+05:30	3	2	CREDIT	10.00000000	USD	Concurrency Test	3
1490	0cffe94d-2d02-4c61-a6d5-769ff008c4eb	2026-01-05 19:12:10.50049+05:30	2	3	DEBIT	10.00000000	USD	Concurrency Test	3
1491	0cffe94d-2d02-4c61-a6d5-769ff008c4eb	2026-01-05 19:12:10.50049+05:30	3	2	CREDIT	10.00000000	USD	Concurrency Test	3
1496	a167e974-7d91-41fb-8328-0bc0fca19d08	2026-01-05 19:21:41.836729+05:30	2	1	DEBIT	10.00000000	USD	Concurrency Test	3
1497	a167e974-7d91-41fb-8328-0bc0fca19d08	2026-01-05 19:21:41.836729+05:30	1	2	CREDIT	10.00000000	USD	Concurrency Test	3
1510	e3209862-6e23-45d6-85a2-ec8c2a37206b	2026-01-05 19:21:42.385166+05:30	2	1	DEBIT	10.00000000	USD	Concurrency Test	3
1511	e3209862-6e23-45d6-85a2-ec8c2a37206b	2026-01-05 19:21:42.385166+05:30	1	2	CREDIT	10.00000000	USD	Concurrency Test	3
1550	9723a0fe-ff6f-46ef-addc-791af5f2561a	2026-01-05 19:21:42.928104+05:30	2	1	DEBIT	10.00000000	USD	Concurrency Test	3
1551	9723a0fe-ff6f-46ef-addc-791af5f2561a	2026-01-05 19:21:42.928104+05:30	1	2	CREDIT	10.00000000	USD	Concurrency Test	3
1592	c6cb6077-a5af-4a64-8a1e-bf62948fc4b7	2026-01-05 19:21:43.307613+05:30	2	1	DEBIT	10.00000000	USD	Concurrency Test	3
1593	c6cb6077-a5af-4a64-8a1e-bf62948fc4b7	2026-01-05 19:21:43.307613+05:30	1	2	CREDIT	10.00000000	USD	Concurrency Test	3
1594	bd8bcdf0-2865-439a-8765-5068d61cd958	2026-01-05 19:21:43.324147+05:30	2	1	DEBIT	10.00000000	USD	Concurrency Test	3
1595	bd8bcdf0-2865-439a-8765-5068d61cd958	2026-01-05 19:21:43.324147+05:30	1	2	CREDIT	10.00000000	USD	Concurrency Test	3
1598	c5aedc16-528a-4e81-98ce-aeae4aeb2398	2026-01-05 19:21:43.356343+05:30	2	1	DEBIT	10.00000000	USD	Concurrency Test	3
1599	c5aedc16-528a-4e81-98ce-aeae4aeb2398	2026-01-05 19:21:43.356343+05:30	1	2	CREDIT	10.00000000	USD	Concurrency Test	3
1642	def2d6ce-e68b-4e97-ab86-52ada3b3691c	2026-01-05 19:21:43.812562+05:30	2	1	DEBIT	10.00000000	USD	Concurrency Test	3
1643	def2d6ce-e68b-4e97-ab86-52ada3b3691c	2026-01-05 19:21:43.812562+05:30	1	2	CREDIT	10.00000000	USD	Concurrency Test	3
1644	cf7b6f51-a5ca-4e2f-9087-99fd5e94ca26	2026-01-05 19:21:43.82711+05:30	2	1	DEBIT	10.00000000	USD	Concurrency Test	3
1645	cf7b6f51-a5ca-4e2f-9087-99fd5e94ca26	2026-01-05 19:21:43.82711+05:30	1	2	CREDIT	10.00000000	USD	Concurrency Test	3
1646	fc3b767a-cf83-4ae5-8fe9-87741c418773	2026-01-05 19:21:43.841863+05:30	2	1	DEBIT	10.00000000	USD	Concurrency Test	3
1647	fc3b767a-cf83-4ae5-8fe9-87741c418773	2026-01-05 19:21:43.841863+05:30	1	2	CREDIT	10.00000000	USD	Concurrency Test	3
1648	a2061bbb-277d-42ce-9397-067794e0483b	2026-01-05 19:21:43.858084+05:30	2	1	DEBIT	10.00000000	USD	Concurrency Test	3
1649	a2061bbb-277d-42ce-9397-067794e0483b	2026-01-05 19:21:43.858084+05:30	1	2	CREDIT	10.00000000	USD	Concurrency Test	3
1666	40c311dd-6592-4668-b238-2dcc1ed3371b	2026-01-05 19:21:43.982522+05:30	2	1	DEBIT	10.00000000	USD	Concurrency Test	3
1667	40c311dd-6592-4668-b238-2dcc1ed3371b	2026-01-05 19:21:43.982522+05:30	1	2	CREDIT	10.00000000	USD	Concurrency Test	3
1668	ba992603-60d1-405e-9ea9-5cfe8c9aa807	2026-01-05 19:21:44.005097+05:30	2	1	DEBIT	10.00000000	USD	Concurrency Test	3
1669	ba992603-60d1-405e-9ea9-5cfe8c9aa807	2026-01-05 19:21:44.005097+05:30	1	2	CREDIT	10.00000000	USD	Concurrency Test	3
1670	4c0dba6c-5af9-4be0-98f5-fd2217add187	2026-01-05 19:21:44.030945+05:30	2	1	DEBIT	10.00000000	USD	Concurrency Test	3
1671	4c0dba6c-5af9-4be0-98f5-fd2217add187	2026-01-05 19:21:44.030945+05:30	1	2	CREDIT	10.00000000	USD	Concurrency Test	3
1672	f876c0d7-7a5d-4059-91fb-28f903d0eceb	2026-01-05 19:21:44.048012+05:30	2	1	DEBIT	10.00000000	USD	Concurrency Test	3
1673	f876c0d7-7a5d-4059-91fb-28f903d0eceb	2026-01-05 19:21:44.048012+05:30	1	2	CREDIT	10.00000000	USD	Concurrency Test	3
1676	212be554-3b1b-46dc-bb6c-553cfa67d4a6	2026-01-05 19:21:44.080371+05:30	2	1	DEBIT	10.00000000	USD	Concurrency Test	3
1677	212be554-3b1b-46dc-bb6c-553cfa67d4a6	2026-01-05 19:21:44.080371+05:30	1	2	CREDIT	10.00000000	USD	Concurrency Test	3
1678	375cf89e-68d9-4ced-b7c2-526a9fe4dc03	2026-01-05 19:21:44.090721+05:30	2	1	DEBIT	10.00000000	USD	Concurrency Test	3
1679	375cf89e-68d9-4ced-b7c2-526a9fe4dc03	2026-01-05 19:21:44.090721+05:30	1	2	CREDIT	10.00000000	USD	Concurrency Test	3
1694	abfce9fe-dc4d-496d-b3d6-02cff1885cfa	2026-01-05 19:21:44.244049+05:30	2	1	DEBIT	10.00000000	USD	Concurrency Test	3
1695	abfce9fe-dc4d-496d-b3d6-02cff1885cfa	2026-01-05 19:21:44.244049+05:30	1	2	CREDIT	10.00000000	USD	Concurrency Test	3
1696	8e95b370-1b2a-419e-b5f7-69981b16bb9e	2026-01-05 19:21:44.258337+05:30	2	1	DEBIT	10.00000000	USD	Concurrency Test	3
1697	8e95b370-1b2a-419e-b5f7-69981b16bb9e	2026-01-05 19:21:44.258337+05:30	1	2	CREDIT	10.00000000	USD	Concurrency Test	3
1698	1e82cb4f-782f-4d1d-99d5-ca04cf943d25	2026-01-05 19:21:44.269412+05:30	2	1	DEBIT	10.00000000	USD	Concurrency Test	3
1699	1e82cb4f-782f-4d1d-99d5-ca04cf943d25	2026-01-05 19:21:44.269412+05:30	1	2	CREDIT	10.00000000	USD	Concurrency Test	3
1474	22617826-1641-4d94-9304-974a46f94a6d	2026-01-05 19:12:10.227423+05:30	2	3	DEBIT	10.00000000	USD	Concurrency Test	3
1475	22617826-1641-4d94-9304-974a46f94a6d	2026-01-05 19:12:10.227423+05:30	3	2	CREDIT	10.00000000	USD	Concurrency Test	3
1486	bb6543ad-4b5c-4832-b507-20b499b4091c	2026-01-05 19:12:10.435147+05:30	2	3	DEBIT	10.00000000	USD	Concurrency Test	3
1487	bb6543ad-4b5c-4832-b507-20b499b4091c	2026-01-05 19:12:10.435147+05:30	3	2	CREDIT	10.00000000	USD	Concurrency Test	3
1494	16b779ae-e189-4b04-ba05-e17868879575	2026-01-05 19:12:10.580159+05:30	2	3	DEBIT	10.00000000	USD	Concurrency Test	3
1495	16b779ae-e189-4b04-ba05-e17868879575	2026-01-05 19:12:10.580159+05:30	3	2	CREDIT	10.00000000	USD	Concurrency Test	3
1566	110c09bc-ab67-420b-8641-3a4dea701fb3	2026-01-05 19:21:43.067412+05:30	2	1	DEBIT	10.00000000	USD	Concurrency Test	3
1567	110c09bc-ab67-420b-8641-3a4dea701fb3	2026-01-05 19:21:43.067412+05:30	1	2	CREDIT	10.00000000	USD	Concurrency Test	3
1568	a67951af-a5d0-4ab7-9ca2-d3b1547268df	2026-01-05 19:21:43.082979+05:30	2	1	DEBIT	10.00000000	USD	Concurrency Test	3
1569	a67951af-a5d0-4ab7-9ca2-d3b1547268df	2026-01-05 19:21:43.082979+05:30	1	2	CREDIT	10.00000000	USD	Concurrency Test	3
1578	ea83dfd8-8c7c-47bb-8cc0-c15f5902a916	2026-01-05 19:21:43.155402+05:30	2	1	DEBIT	10.00000000	USD	Concurrency Test	3
1579	ea83dfd8-8c7c-47bb-8cc0-c15f5902a916	2026-01-05 19:21:43.155402+05:30	1	2	CREDIT	10.00000000	USD	Concurrency Test	3
1580	9795805e-4e7d-411c-8301-517426bbbaa7	2026-01-05 19:21:43.167098+05:30	2	1	DEBIT	10.00000000	USD	Concurrency Test	3
1581	9795805e-4e7d-411c-8301-517426bbbaa7	2026-01-05 19:21:43.167098+05:30	1	2	CREDIT	10.00000000	USD	Concurrency Test	3
1582	663f27f7-c4c9-4be5-83e7-d064650f8341	2026-01-05 19:21:43.192824+05:30	2	1	DEBIT	10.00000000	USD	Concurrency Test	3
1583	663f27f7-c4c9-4be5-83e7-d064650f8341	2026-01-05 19:21:43.192824+05:30	1	2	CREDIT	10.00000000	USD	Concurrency Test	3
1584	59901673-d86f-45ae-b953-523097ad9f76	2026-01-05 19:21:43.203103+05:30	2	1	DEBIT	10.00000000	USD	Concurrency Test	3
1585	59901673-d86f-45ae-b953-523097ad9f76	2026-01-05 19:21:43.203103+05:30	1	2	CREDIT	10.00000000	USD	Concurrency Test	3
1586	c77ac395-e823-4c85-89d6-0f1420b44e1b	2026-01-05 19:21:43.234171+05:30	2	1	DEBIT	10.00000000	USD	Concurrency Test	3
1587	c77ac395-e823-4c85-89d6-0f1420b44e1b	2026-01-05 19:21:43.234171+05:30	1	2	CREDIT	10.00000000	USD	Concurrency Test	3
1590	147b890c-8a45-414e-9085-5f44982c2c14	2026-01-05 19:21:43.281232+05:30	2	1	DEBIT	10.00000000	USD	Concurrency Test	3
1591	147b890c-8a45-414e-9085-5f44982c2c14	2026-01-05 19:21:43.281232+05:30	1	2	CREDIT	10.00000000	USD	Concurrency Test	3
1602	887aae09-2b76-465f-b263-12bb53e16c9a	2026-01-05 19:21:43.39344+05:30	2	1	DEBIT	10.00000000	USD	Concurrency Test	3
1603	887aae09-2b76-465f-b263-12bb53e16c9a	2026-01-05 19:21:43.39344+05:30	1	2	CREDIT	10.00000000	USD	Concurrency Test	3
1604	9cb167da-dc6b-4d47-b5a0-d9f227ba9102	2026-01-05 19:21:43.403856+05:30	2	1	DEBIT	10.00000000	USD	Concurrency Test	3
1605	9cb167da-dc6b-4d47-b5a0-d9f227ba9102	2026-01-05 19:21:43.403856+05:30	1	2	CREDIT	10.00000000	USD	Concurrency Test	3
1606	e6222320-612b-43a3-a249-3c0d9f0fbcc8	2026-01-05 19:21:43.419664+05:30	2	1	DEBIT	10.00000000	USD	Concurrency Test	3
1607	e6222320-612b-43a3-a249-3c0d9f0fbcc8	2026-01-05 19:21:43.419664+05:30	1	2	CREDIT	10.00000000	USD	Concurrency Test	3
1478	3e029fcf-06ea-48df-8273-594cc49bd933	2026-01-05 19:12:10.281359+05:30	2	3	DEBIT	10.00000000	USD	Concurrency Test	3
1479	3e029fcf-06ea-48df-8273-594cc49bd933	2026-01-05 19:12:10.281359+05:30	3	2	CREDIT	10.00000000	USD	Concurrency Test	3
1554	200d3b25-85a2-4720-ac8c-37d44527958a	2026-01-05 19:21:42.974182+05:30	2	1	DEBIT	10.00000000	USD	Concurrency Test	3
1555	200d3b25-85a2-4720-ac8c-37d44527958a	2026-01-05 19:21:42.974182+05:30	1	2	CREDIT	10.00000000	USD	Concurrency Test	3
1624	e74df34f-c88a-47bc-8741-c4d916fffac9	2026-01-05 19:21:43.600519+05:30	2	1	DEBIT	10.00000000	USD	Concurrency Test	3
1625	e74df34f-c88a-47bc-8741-c4d916fffac9	2026-01-05 19:21:43.600519+05:30	1	2	CREDIT	10.00000000	USD	Concurrency Test	3
1626	afee1ccc-b5b7-4396-adc9-e365aab102d6	2026-01-05 19:21:43.623428+05:30	2	1	DEBIT	10.00000000	USD	Concurrency Test	3
1627	afee1ccc-b5b7-4396-adc9-e365aab102d6	2026-01-05 19:21:43.623428+05:30	1	2	CREDIT	10.00000000	USD	Concurrency Test	3
1628	275206a6-fe1d-4776-90a1-f2d97654adcb	2026-01-05 19:21:43.641077+05:30	2	1	DEBIT	10.00000000	USD	Concurrency Test	3
1629	275206a6-fe1d-4776-90a1-f2d97654adcb	2026-01-05 19:21:43.641077+05:30	1	2	CREDIT	10.00000000	USD	Concurrency Test	3
1674	392dbb90-7f63-4b8f-acb6-66a48f0d338c	2026-01-05 19:21:44.064513+05:30	2	1	DEBIT	10.00000000	USD	Concurrency Test	3
1675	392dbb90-7f63-4b8f-acb6-66a48f0d338c	2026-01-05 19:21:44.064513+05:30	1	2	CREDIT	10.00000000	USD	Concurrency Test	3
1692	c32f94eb-9dcd-4cc4-8d7a-e9738b8a2cd3	2026-01-05 19:21:44.230782+05:30	2	1	DEBIT	10.00000000	USD	Concurrency Test	3
1693	c32f94eb-9dcd-4cc4-8d7a-e9738b8a2cd3	2026-01-05 19:21:44.230782+05:30	1	2	CREDIT	10.00000000	USD	Concurrency Test	3
1702	4a65d987-b159-4823-bcc5-3170f2e3a4d7	2026-01-05 19:21:44.305791+05:30	2	1	DEBIT	10.00000000	USD	Concurrency Test	3
1703	4a65d987-b159-4823-bcc5-3170f2e3a4d7	2026-01-05 19:21:44.305791+05:30	1	2	CREDIT	10.00000000	USD	Concurrency Test	3
1482	3fd08e93-15bb-4f78-aec6-72a0a260e7c8	2026-01-05 19:12:10.351844+05:30	2	3	DEBIT	10.00000000	USD	Concurrency Test	3
1483	3fd08e93-15bb-4f78-aec6-72a0a260e7c8	2026-01-05 19:12:10.351844+05:30	3	2	CREDIT	10.00000000	USD	Concurrency Test	3
1484	3cb8f390-3485-426a-8f7d-1ac6eccefe21	2026-01-05 19:12:10.394271+05:30	2	3	DEBIT	10.00000000	USD	Concurrency Test	3
1485	3cb8f390-3485-426a-8f7d-1ac6eccefe21	2026-01-05 19:12:10.394271+05:30	3	2	CREDIT	10.00000000	USD	Concurrency Test	3
1488	dd84cc04-bc65-4fb6-9dcc-f8c6c6a5f444	2026-01-05 19:12:10.458169+05:30	2	3	DEBIT	10.00000000	USD	Concurrency Test	3
1489	dd84cc04-bc65-4fb6-9dcc-f8c6c6a5f444	2026-01-05 19:12:10.458169+05:30	3	2	CREDIT	10.00000000	USD	Concurrency Test	3
1492	ad5166dd-8771-4590-9931-3c7a74045b03	2026-01-05 19:12:10.55679+05:30	2	3	DEBIT	10.00000000	USD	Concurrency Test	3
1493	ad5166dd-8771-4590-9931-3c7a74045b03	2026-01-05 19:12:10.55679+05:30	3	2	CREDIT	10.00000000	USD	Concurrency Test	3
1498	2594838d-f9d6-4a26-9f5e-bbff34325822	2026-01-05 19:21:42.062512+05:30	2	1	DEBIT	10.00000000	USD	Concurrency Test	3
1499	2594838d-f9d6-4a26-9f5e-bbff34325822	2026-01-05 19:21:42.062512+05:30	1	2	CREDIT	10.00000000	USD	Concurrency Test	3
1500	9c4fadbe-fff4-46f0-bc3a-041cc5e70631	2026-01-05 19:21:42.106974+05:30	2	1	DEBIT	10.00000000	USD	Concurrency Test	3
1501	9c4fadbe-fff4-46f0-bc3a-041cc5e70631	2026-01-05 19:21:42.106974+05:30	1	2	CREDIT	10.00000000	USD	Concurrency Test	3
1502	562cf69c-720f-43bf-b264-5504ca5ce229	2026-01-05 19:21:42.157252+05:30	2	1	DEBIT	10.00000000	USD	Concurrency Test	3
1503	562cf69c-720f-43bf-b264-5504ca5ce229	2026-01-05 19:21:42.157252+05:30	1	2	CREDIT	10.00000000	USD	Concurrency Test	3
1504	85944eb7-054f-4e45-8607-50c1a8448728	2026-01-05 19:21:42.217131+05:30	2	1	DEBIT	10.00000000	USD	Concurrency Test	3
1505	85944eb7-054f-4e45-8607-50c1a8448728	2026-01-05 19:21:42.217131+05:30	1	2	CREDIT	10.00000000	USD	Concurrency Test	3
1506	e727c6c0-8baf-4c69-9e16-b537f0aac6c1	2026-01-05 19:21:42.2498+05:30	2	1	DEBIT	10.00000000	USD	Concurrency Test	3
1507	e727c6c0-8baf-4c69-9e16-b537f0aac6c1	2026-01-05 19:21:42.2498+05:30	1	2	CREDIT	10.00000000	USD	Concurrency Test	3
1512	294e8c10-1f4f-4cbd-a13c-a7919d10d726	2026-01-05 19:21:42.413203+05:30	2	1	DEBIT	10.00000000	USD	Concurrency Test	3
1513	294e8c10-1f4f-4cbd-a13c-a7919d10d726	2026-01-05 19:21:42.413203+05:30	1	2	CREDIT	10.00000000	USD	Concurrency Test	3
1516	afb49fee-235b-4835-b396-502b3529e922	2026-01-05 19:21:42.469764+05:30	2	1	DEBIT	10.00000000	USD	Concurrency Test	3
1517	afb49fee-235b-4835-b396-502b3529e922	2026-01-05 19:21:42.469764+05:30	1	2	CREDIT	10.00000000	USD	Concurrency Test	3
1518	98082a82-f89d-4be4-93dd-39d568fba5d5	2026-01-05 19:21:42.499686+05:30	2	1	DEBIT	10.00000000	USD	Concurrency Test	3
1519	98082a82-f89d-4be4-93dd-39d568fba5d5	2026-01-05 19:21:42.499686+05:30	1	2	CREDIT	10.00000000	USD	Concurrency Test	3
1522	8b31562c-7b18-48fd-b068-24bd9939acb4	2026-01-05 19:21:42.60582+05:30	2	1	DEBIT	10.00000000	USD	Concurrency Test	3
1523	8b31562c-7b18-48fd-b068-24bd9939acb4	2026-01-05 19:21:42.60582+05:30	1	2	CREDIT	10.00000000	USD	Concurrency Test	3
1526	80bd2afd-c371-40c3-a1fd-f98ff28c1d14	2026-01-05 19:21:42.664265+05:30	2	1	DEBIT	10.00000000	USD	Concurrency Test	3
1527	80bd2afd-c371-40c3-a1fd-f98ff28c1d14	2026-01-05 19:21:42.664265+05:30	1	2	CREDIT	10.00000000	USD	Concurrency Test	3
1528	b238af8f-6677-4e5e-8d29-e9de7b1ea563	2026-01-05 19:21:42.689095+05:30	2	1	DEBIT	10.00000000	USD	Concurrency Test	3
1529	b238af8f-6677-4e5e-8d29-e9de7b1ea563	2026-01-05 19:21:42.689095+05:30	1	2	CREDIT	10.00000000	USD	Concurrency Test	3
1536	d5d2fc1b-9d67-4895-adb5-25a4aa3731a4	2026-01-05 19:21:42.800478+05:30	2	1	DEBIT	10.00000000	USD	Concurrency Test	3
1537	d5d2fc1b-9d67-4895-adb5-25a4aa3731a4	2026-01-05 19:21:42.800478+05:30	1	2	CREDIT	10.00000000	USD	Concurrency Test	3
1538	faa38122-6a4a-426f-8611-f11a73b1d42a	2026-01-05 19:21:42.820873+05:30	2	1	DEBIT	10.00000000	USD	Concurrency Test	3
1539	faa38122-6a4a-426f-8611-f11a73b1d42a	2026-01-05 19:21:42.820873+05:30	1	2	CREDIT	10.00000000	USD	Concurrency Test	3
1540	f1cfa45b-c78f-45ad-b690-d57400cc4689	2026-01-05 19:21:42.840575+05:30	2	1	DEBIT	10.00000000	USD	Concurrency Test	3
1541	f1cfa45b-c78f-45ad-b690-d57400cc4689	2026-01-05 19:21:42.840575+05:30	1	2	CREDIT	10.00000000	USD	Concurrency Test	3
1542	86a3daa1-8e5d-4ef2-887e-2e3f5aa17a20	2026-01-05 19:21:42.858138+05:30	2	1	DEBIT	10.00000000	USD	Concurrency Test	3
1543	86a3daa1-8e5d-4ef2-887e-2e3f5aa17a20	2026-01-05 19:21:42.858138+05:30	1	2	CREDIT	10.00000000	USD	Concurrency Test	3
1556	7fa5f808-40e8-4f34-91e9-25e9f3c1d480	2026-01-05 19:21:42.985967+05:30	2	1	DEBIT	10.00000000	USD	Concurrency Test	3
1557	7fa5f808-40e8-4f34-91e9-25e9f3c1d480	2026-01-05 19:21:42.985967+05:30	1	2	CREDIT	10.00000000	USD	Concurrency Test	3
1560	10cdb3a6-7c7f-49f9-b589-6aa872093dc3	2026-01-05 19:21:43.020877+05:30	2	1	DEBIT	10.00000000	USD	Concurrency Test	3
1561	10cdb3a6-7c7f-49f9-b589-6aa872093dc3	2026-01-05 19:21:43.020877+05:30	1	2	CREDIT	10.00000000	USD	Concurrency Test	3
1562	5308e2cb-99d2-4499-bfc0-2a77be8809d9	2026-01-05 19:21:43.034622+05:30	2	1	DEBIT	10.00000000	USD	Concurrency Test	3
1563	5308e2cb-99d2-4499-bfc0-2a77be8809d9	2026-01-05 19:21:43.034622+05:30	1	2	CREDIT	10.00000000	USD	Concurrency Test	3
1564	59d302d9-801d-4c89-aab9-98ca084ab3e0	2026-01-05 19:21:43.052548+05:30	2	1	DEBIT	10.00000000	USD	Concurrency Test	3
1565	59d302d9-801d-4c89-aab9-98ca084ab3e0	2026-01-05 19:21:43.052548+05:30	1	2	CREDIT	10.00000000	USD	Concurrency Test	3
1570	58481fa9-7501-4523-9c0d-673476caf626	2026-01-05 19:21:43.098714+05:30	2	1	DEBIT	10.00000000	USD	Concurrency Test	3
1571	58481fa9-7501-4523-9c0d-673476caf626	2026-01-05 19:21:43.098714+05:30	1	2	CREDIT	10.00000000	USD	Concurrency Test	3
1572	2ec7d562-bf11-49fc-91bb-3d8c1d07f280	2026-01-05 19:21:43.108988+05:30	2	1	DEBIT	10.00000000	USD	Concurrency Test	3
1573	2ec7d562-bf11-49fc-91bb-3d8c1d07f280	2026-01-05 19:21:43.108988+05:30	1	2	CREDIT	10.00000000	USD	Concurrency Test	3
1574	5a7308fc-a31d-4c34-910d-d9268cd8597d	2026-01-05 19:21:43.125033+05:30	2	1	DEBIT	10.00000000	USD	Concurrency Test	3
1575	5a7308fc-a31d-4c34-910d-d9268cd8597d	2026-01-05 19:21:43.125033+05:30	1	2	CREDIT	10.00000000	USD	Concurrency Test	3
1576	4bfa7647-f055-4955-8e73-c4362adfec2a	2026-01-05 19:21:43.139261+05:30	2	1	DEBIT	10.00000000	USD	Concurrency Test	3
1577	4bfa7647-f055-4955-8e73-c4362adfec2a	2026-01-05 19:21:43.139261+05:30	1	2	CREDIT	10.00000000	USD	Concurrency Test	3
1588	744e044f-fc96-4d8b-88f2-a3280dec2b5e	2026-01-05 19:21:43.256754+05:30	2	1	DEBIT	10.00000000	USD	Concurrency Test	3
1589	744e044f-fc96-4d8b-88f2-a3280dec2b5e	2026-01-05 19:21:43.256754+05:30	1	2	CREDIT	10.00000000	USD	Concurrency Test	3
1600	e119dc20-c889-4991-ba50-ee32d02e47c8	2026-01-05 19:21:43.379696+05:30	2	1	DEBIT	10.00000000	USD	Concurrency Test	3
1601	e119dc20-c889-4991-ba50-ee32d02e47c8	2026-01-05 19:21:43.379696+05:30	1	2	CREDIT	10.00000000	USD	Concurrency Test	3
1608	b463e032-8c48-4dfc-89c9-741db931108b	2026-01-05 19:21:43.429288+05:30	2	1	DEBIT	10.00000000	USD	Concurrency Test	3
1609	b463e032-8c48-4dfc-89c9-741db931108b	2026-01-05 19:21:43.429288+05:30	1	2	CREDIT	10.00000000	USD	Concurrency Test	3
1610	f8f824e9-419f-4a39-b856-4a37890b21aa	2026-01-05 19:21:43.453627+05:30	2	1	DEBIT	10.00000000	USD	Concurrency Test	3
1611	f8f824e9-419f-4a39-b856-4a37890b21aa	2026-01-05 19:21:43.453627+05:30	1	2	CREDIT	10.00000000	USD	Concurrency Test	3
1612	447a66a2-3373-4e45-b2f6-9378ab58bd9b	2026-01-05 19:21:43.467844+05:30	2	1	DEBIT	10.00000000	USD	Concurrency Test	3
1613	447a66a2-3373-4e45-b2f6-9378ab58bd9b	2026-01-05 19:21:43.467844+05:30	1	2	CREDIT	10.00000000	USD	Concurrency Test	3
1632	aa51d038-5571-430f-928a-04eef4f3d373	2026-01-05 19:21:43.691938+05:30	2	1	DEBIT	10.00000000	USD	Concurrency Test	3
1633	aa51d038-5571-430f-928a-04eef4f3d373	2026-01-05 19:21:43.691938+05:30	1	2	CREDIT	10.00000000	USD	Concurrency Test	3
1634	00908171-74c7-4393-ac9b-7d7392121bca	2026-01-05 19:21:43.712191+05:30	2	1	DEBIT	10.00000000	USD	Concurrency Test	3
1635	00908171-74c7-4393-ac9b-7d7392121bca	2026-01-05 19:21:43.712191+05:30	1	2	CREDIT	10.00000000	USD	Concurrency Test	3
1508	4f7ccf42-c4ac-49db-95ad-08c33c6e32da	2026-01-05 19:21:42.294032+05:30	2	1	DEBIT	10.00000000	USD	Concurrency Test	3
1509	4f7ccf42-c4ac-49db-95ad-08c33c6e32da	2026-01-05 19:21:42.294032+05:30	1	2	CREDIT	10.00000000	USD	Concurrency Test	3
1514	1c3716a7-b2b7-4bd9-a0fd-e71d5a37e9fc	2026-01-05 19:21:42.433023+05:30	2	1	DEBIT	10.00000000	USD	Concurrency Test	3
1515	1c3716a7-b2b7-4bd9-a0fd-e71d5a37e9fc	2026-01-05 19:21:42.433023+05:30	1	2	CREDIT	10.00000000	USD	Concurrency Test	3
1520	870d5fbb-e5cf-4c1a-a56c-0a0209ad48ab	2026-01-05 19:21:42.574349+05:30	2	1	DEBIT	10.00000000	USD	Concurrency Test	3
1521	870d5fbb-e5cf-4c1a-a56c-0a0209ad48ab	2026-01-05 19:21:42.574349+05:30	1	2	CREDIT	10.00000000	USD	Concurrency Test	3
1524	8594c777-3598-44dd-99bb-72ebb2f3e808	2026-01-05 19:21:42.625901+05:30	2	1	DEBIT	10.00000000	USD	Concurrency Test	3
1525	8594c777-3598-44dd-99bb-72ebb2f3e808	2026-01-05 19:21:42.625901+05:30	1	2	CREDIT	10.00000000	USD	Concurrency Test	3
1530	08868d71-7120-4467-b343-759564611a48	2026-01-05 19:21:42.711847+05:30	2	1	DEBIT	10.00000000	USD	Concurrency Test	3
1531	08868d71-7120-4467-b343-759564611a48	2026-01-05 19:21:42.711847+05:30	1	2	CREDIT	10.00000000	USD	Concurrency Test	3
1532	755fcb6c-1795-4f3e-9699-2808265d4838	2026-01-05 19:21:42.76761+05:30	2	1	DEBIT	10.00000000	USD	Concurrency Test	3
1533	755fcb6c-1795-4f3e-9699-2808265d4838	2026-01-05 19:21:42.76761+05:30	1	2	CREDIT	10.00000000	USD	Concurrency Test	3
1534	4eea203e-9648-4695-ab2a-395e78098e1f	2026-01-05 19:21:42.786151+05:30	2	1	DEBIT	10.00000000	USD	Concurrency Test	3
1535	4eea203e-9648-4695-ab2a-395e78098e1f	2026-01-05 19:21:42.786151+05:30	1	2	CREDIT	10.00000000	USD	Concurrency Test	3
1544	1756746f-09b5-4643-a59c-31d82459a806	2026-01-05 19:21:42.882154+05:30	2	1	DEBIT	10.00000000	USD	Concurrency Test	3
1545	1756746f-09b5-4643-a59c-31d82459a806	2026-01-05 19:21:42.882154+05:30	1	2	CREDIT	10.00000000	USD	Concurrency Test	3
1546	89b7a3d6-89f3-470e-9254-dcb7c7b49f8b	2026-01-05 19:21:42.898447+05:30	2	1	DEBIT	10.00000000	USD	Concurrency Test	3
1547	89b7a3d6-89f3-470e-9254-dcb7c7b49f8b	2026-01-05 19:21:42.898447+05:30	1	2	CREDIT	10.00000000	USD	Concurrency Test	3
1548	066f3d16-ce49-4906-a40f-93c86eff3b65	2026-01-05 19:21:42.915177+05:30	2	1	DEBIT	10.00000000	USD	Concurrency Test	3
1549	066f3d16-ce49-4906-a40f-93c86eff3b65	2026-01-05 19:21:42.915177+05:30	1	2	CREDIT	10.00000000	USD	Concurrency Test	3
1552	7dbcbbeb-3a60-48e3-8a86-667a3050d0e7	2026-01-05 19:21:42.955028+05:30	2	1	DEBIT	10.00000000	USD	Concurrency Test	3
1553	7dbcbbeb-3a60-48e3-8a86-667a3050d0e7	2026-01-05 19:21:42.955028+05:30	1	2	CREDIT	10.00000000	USD	Concurrency Test	3
1558	6b90ebcd-3e7c-4df0-8a10-776de2824d13	2026-01-05 19:21:43.005566+05:30	2	1	DEBIT	10.00000000	USD	Concurrency Test	3
1559	6b90ebcd-3e7c-4df0-8a10-776de2824d13	2026-01-05 19:21:43.005566+05:30	1	2	CREDIT	10.00000000	USD	Concurrency Test	3
1596	21d60980-9374-48da-9329-70c738827a36	2026-01-05 19:21:43.337652+05:30	2	1	DEBIT	10.00000000	USD	Concurrency Test	3
1597	21d60980-9374-48da-9329-70c738827a36	2026-01-05 19:21:43.337652+05:30	1	2	CREDIT	10.00000000	USD	Concurrency Test	3
1614	0238f328-a6a2-4dc0-aeaa-b5d4d7db6bbc	2026-01-05 19:21:43.479567+05:30	2	1	DEBIT	10.00000000	USD	Concurrency Test	3
1615	0238f328-a6a2-4dc0-aeaa-b5d4d7db6bbc	2026-01-05 19:21:43.479567+05:30	1	2	CREDIT	10.00000000	USD	Concurrency Test	3
1616	f4b3361b-f05c-4f2a-849a-0b34687827d5	2026-01-05 19:21:43.510225+05:30	2	1	DEBIT	10.00000000	USD	Concurrency Test	3
1617	f4b3361b-f05c-4f2a-849a-0b34687827d5	2026-01-05 19:21:43.510225+05:30	1	2	CREDIT	10.00000000	USD	Concurrency Test	3
1618	061dca5e-949a-470e-9428-bda3490e7f94	2026-01-05 19:21:43.527658+05:30	2	1	DEBIT	10.00000000	USD	Concurrency Test	3
1619	061dca5e-949a-470e-9428-bda3490e7f94	2026-01-05 19:21:43.528157+05:30	1	2	CREDIT	10.00000000	USD	Concurrency Test	3
1620	790d156a-744c-4480-a8ab-99e3aae58632	2026-01-05 19:21:43.560173+05:30	2	1	DEBIT	10.00000000	USD	Concurrency Test	3
1621	790d156a-744c-4480-a8ab-99e3aae58632	2026-01-05 19:21:43.560173+05:30	1	2	CREDIT	10.00000000	USD	Concurrency Test	3
1622	ffd66b6d-bf0b-44f7-9fb1-529005e42937	2026-01-05 19:21:43.587551+05:30	2	1	DEBIT	10.00000000	USD	Concurrency Test	3
1623	ffd66b6d-bf0b-44f7-9fb1-529005e42937	2026-01-05 19:21:43.587551+05:30	1	2	CREDIT	10.00000000	USD	Concurrency Test	3
1630	f80764d2-ff0f-405a-a2aa-28793694f9da	2026-01-05 19:21:43.667847+05:30	2	1	DEBIT	10.00000000	USD	Concurrency Test	3
1631	f80764d2-ff0f-405a-a2aa-28793694f9da	2026-01-05 19:21:43.667847+05:30	1	2	CREDIT	10.00000000	USD	Concurrency Test	3
1656	ea14df59-faf5-4fec-a931-8c232a818730	2026-01-05 19:21:43.91224+05:30	2	1	DEBIT	10.00000000	USD	Concurrency Test	3
1657	ea14df59-faf5-4fec-a931-8c232a818730	2026-01-05 19:21:43.91224+05:30	1	2	CREDIT	10.00000000	USD	Concurrency Test	3
1662	ad1a5cc0-fa2f-4ded-a51b-877b44b060be	2026-01-05 19:21:43.949911+05:30	2	1	DEBIT	10.00000000	USD	Concurrency Test	3
1663	ad1a5cc0-fa2f-4ded-a51b-877b44b060be	2026-01-05 19:21:43.949911+05:30	1	2	CREDIT	10.00000000	USD	Concurrency Test	3
1700	dc15e983-4d0f-4fa9-b3c1-02e3fa5d2553	2026-01-05 19:21:44.286148+05:30	2	1	DEBIT	10.00000000	USD	Concurrency Test	3
1701	dc15e983-4d0f-4fa9-b3c1-02e3fa5d2553	2026-01-05 19:21:44.286148+05:30	1	2	CREDIT	10.00000000	USD	Concurrency Test	3
1636	dad28a58-90fe-47fa-92ec-edda41d807cd	2026-01-05 19:21:43.742419+05:30	2	1	DEBIT	10.00000000	USD	Concurrency Test	3
1637	dad28a58-90fe-47fa-92ec-edda41d807cd	2026-01-05 19:21:43.742419+05:30	1	2	CREDIT	10.00000000	USD	Concurrency Test	3
1638	ce20e649-bdfd-4a86-bb16-9779cf77c767	2026-01-05 19:21:43.767319+05:30	2	1	DEBIT	10.00000000	USD	Concurrency Test	3
1639	ce20e649-bdfd-4a86-bb16-9779cf77c767	2026-01-05 19:21:43.767319+05:30	1	2	CREDIT	10.00000000	USD	Concurrency Test	3
1640	478e08fc-c00d-48fc-966a-2a86da0cd95f	2026-01-05 19:21:43.791316+05:30	2	1	DEBIT	10.00000000	USD	Concurrency Test	3
1641	478e08fc-c00d-48fc-966a-2a86da0cd95f	2026-01-05 19:21:43.791316+05:30	1	2	CREDIT	10.00000000	USD	Concurrency Test	3
1652	3c756fc0-2628-445c-8097-0da4ac2bd95d	2026-01-05 19:21:43.881432+05:30	2	1	DEBIT	10.00000000	USD	Concurrency Test	3
1653	3c756fc0-2628-445c-8097-0da4ac2bd95d	2026-01-05 19:21:43.881432+05:30	1	2	CREDIT	10.00000000	USD	Concurrency Test	3
1654	1b2eb473-c52f-4e87-8f6f-891037e1c7c8	2026-01-05 19:21:43.899927+05:30	2	1	DEBIT	10.00000000	USD	Concurrency Test	3
1655	1b2eb473-c52f-4e87-8f6f-891037e1c7c8	2026-01-05 19:21:43.899927+05:30	1	2	CREDIT	10.00000000	USD	Concurrency Test	3
1664	1e84226f-410c-4d39-8ee2-dd50a91e50a5	2026-01-05 19:21:43.972382+05:30	2	1	DEBIT	10.00000000	USD	Concurrency Test	3
1665	1e84226f-410c-4d39-8ee2-dd50a91e50a5	2026-01-05 19:21:43.972382+05:30	1	2	CREDIT	10.00000000	USD	Concurrency Test	3
1650	f2d594c3-8ff1-4d95-9d3c-91dd74159c70	2026-01-05 19:21:43.864127+05:30	2	1	DEBIT	10.00000000	USD	Concurrency Test	3
1651	f2d594c3-8ff1-4d95-9d3c-91dd74159c70	2026-01-05 19:21:43.864127+05:30	1	2	CREDIT	10.00000000	USD	Concurrency Test	3
1682	d2ee4bf4-d453-498f-8a90-4157a3adc185	2026-01-05 19:21:44.124048+05:30	2	1	DEBIT	10.00000000	USD	Concurrency Test	3
1683	d2ee4bf4-d453-498f-8a90-4157a3adc185	2026-01-05 19:21:44.124048+05:30	1	2	CREDIT	10.00000000	USD	Concurrency Test	3
1684	ab7f81a7-5bec-4117-80ab-db4a3ca761f9	2026-01-05 19:21:44.144207+05:30	2	1	DEBIT	10.00000000	USD	Concurrency Test	3
1685	ab7f81a7-5bec-4117-80ab-db4a3ca761f9	2026-01-05 19:21:44.144207+05:30	1	2	CREDIT	10.00000000	USD	Concurrency Test	3
1686	397b1fa3-2c01-4563-a329-772740cf7430	2026-01-05 19:21:44.158035+05:30	2	1	DEBIT	10.00000000	USD	Concurrency Test	3
1687	397b1fa3-2c01-4563-a329-772740cf7430	2026-01-05 19:21:44.158035+05:30	1	2	CREDIT	10.00000000	USD	Concurrency Test	3
1688	688e291b-5d78-42b0-a7fc-dc04a922c1eb	2026-01-05 19:21:44.18286+05:30	2	1	DEBIT	10.00000000	USD	Concurrency Test	3
1689	688e291b-5d78-42b0-a7fc-dc04a922c1eb	2026-01-05 19:21:44.18286+05:30	1	2	CREDIT	10.00000000	USD	Concurrency Test	3
1658	14370fab-1ebe-4a82-93bb-a7f44f2acdaa	2026-01-05 19:21:43.922749+05:30	2	1	DEBIT	10.00000000	USD	Concurrency Test	3
1659	14370fab-1ebe-4a82-93bb-a7f44f2acdaa	2026-01-05 19:21:43.922749+05:30	1	2	CREDIT	10.00000000	USD	Concurrency Test	3
1660	ff04fb2c-727f-42ff-a7bc-adf90aa0dea9	2026-01-05 19:21:43.935437+05:30	2	1	DEBIT	10.00000000	USD	Concurrency Test	3
1661	ff04fb2c-727f-42ff-a7bc-adf90aa0dea9	2026-01-05 19:21:43.935437+05:30	1	2	CREDIT	10.00000000	USD	Concurrency Test	3
1704	5a9a38cd-cedc-43f4-a24f-726fd9575d4e	2026-01-05 19:21:44.326223+05:30	2	1	DEBIT	10.00000000	USD	Concurrency Test	3
1705	5a9a38cd-cedc-43f4-a24f-726fd9575d4e	2026-01-05 19:21:44.326223+05:30	1	2	CREDIT	10.00000000	USD	Concurrency Test	3
1680	8d3513f6-3a15-4250-9afb-794731afce73	2026-01-05 19:21:44.104247+05:30	2	1	DEBIT	10.00000000	USD	Concurrency Test	3
1681	8d3513f6-3a15-4250-9afb-794731afce73	2026-01-05 19:21:44.104247+05:30	1	2	CREDIT	10.00000000	USD	Concurrency Test	3
1690	66afaf3a-2914-4c41-9d4d-ecdb8ac52a06	2026-01-05 19:21:44.196629+05:30	2	1	DEBIT	10.00000000	USD	Concurrency Test	3
1691	66afaf3a-2914-4c41-9d4d-ecdb8ac52a06	2026-01-05 19:21:44.196629+05:30	1	2	CREDIT	10.00000000	USD	Concurrency Test	3
1706	490ed0a2-8ac2-4a02-83b0-da644f8edb15	2026-01-05 19:27:32.23517+05:30	3	2	DEBIT	1000.00000000	USD	small amt	3
1707	490ed0a2-8ac2-4a02-83b0-da644f8edb15	2026-01-05 19:27:32.23517+05:30	2	3	CREDIT	1000.00000000	USD	small amt	3
1708	b8928ca6-6e78-435a-ad74-676234eae4ca	2026-01-05 19:28:07.642652+05:30	3	2	DEBIT	20000.00000000	USD	OTP verified transfer	3
1709	b8928ca6-6e78-435a-ad74-676234eae4ca	2026-01-05 19:28:07.642652+05:30	2	3	CREDIT	20000.00000000	USD	OTP verified transfer	3
1710	bc81665f-2e39-428d-8a9b-a2e84324e55a	2026-01-05 19:28:47.74799+05:30	2	1	DEBIT	10.00000000	USD	Concurrency Test	3
1711	bc81665f-2e39-428d-8a9b-a2e84324e55a	2026-01-05 19:28:47.748486+05:30	1	2	CREDIT	10.00000000	USD	Concurrency Test	3
1712	c3c59fca-b2d9-4c34-b69c-9b43aab82a66	2026-01-05 19:28:47.769232+05:30	2	1	DEBIT	10.00000000	USD	Concurrency Test	3
1713	c3c59fca-b2d9-4c34-b69c-9b43aab82a66	2026-01-05 19:28:47.769232+05:30	1	2	CREDIT	10.00000000	USD	Concurrency Test	3
1714	64f2286e-fb48-481d-ac85-3061ad5f4ce0	2026-01-05 19:28:47.788433+05:30	2	1	DEBIT	10.00000000	USD	Concurrency Test	3
1715	64f2286e-fb48-481d-ac85-3061ad5f4ce0	2026-01-05 19:28:47.788433+05:30	1	2	CREDIT	10.00000000	USD	Concurrency Test	3
1716	8c275b71-c75d-4be0-86bb-f65c5e99faaf	2026-01-05 19:28:47.806667+05:30	2	1	DEBIT	10.00000000	USD	Concurrency Test	3
1717	8c275b71-c75d-4be0-86bb-f65c5e99faaf	2026-01-05 19:28:47.806667+05:30	1	2	CREDIT	10.00000000	USD	Concurrency Test	3
1718	f806c69d-e68b-4007-98d4-8c3e30f85e57	2026-01-05 19:28:47.827456+05:30	2	1	DEBIT	10.00000000	USD	Concurrency Test	3
1719	f806c69d-e68b-4007-98d4-8c3e30f85e57	2026-01-05 19:28:47.827456+05:30	1	2	CREDIT	10.00000000	USD	Concurrency Test	3
1720	3b1b8c73-f1c5-4257-a721-41f33a11e607	2026-01-05 19:28:47.843498+05:30	2	1	DEBIT	10.00000000	USD	Concurrency Test	3
1721	3b1b8c73-f1c5-4257-a721-41f33a11e607	2026-01-05 19:28:47.843498+05:30	1	2	CREDIT	10.00000000	USD	Concurrency Test	3
1722	7f0f935c-1a20-4c12-a204-04d93a624952	2026-01-05 19:28:47.860842+05:30	2	1	DEBIT	10.00000000	USD	Concurrency Test	3
1723	7f0f935c-1a20-4c12-a204-04d93a624952	2026-01-05 19:28:47.860842+05:30	1	2	CREDIT	10.00000000	USD	Concurrency Test	3
1724	40bfed66-4ee8-4b38-9d67-9e2ab2c0cd69	2026-01-05 19:28:47.878112+05:30	2	1	DEBIT	10.00000000	USD	Concurrency Test	3
1725	40bfed66-4ee8-4b38-9d67-9e2ab2c0cd69	2026-01-05 19:28:47.878112+05:30	1	2	CREDIT	10.00000000	USD	Concurrency Test	3
1726	b267d57d-9b2b-4524-b292-a82b07c58108	2026-01-05 19:28:47.892272+05:30	2	1	DEBIT	10.00000000	USD	Concurrency Test	3
1727	b267d57d-9b2b-4524-b292-a82b07c58108	2026-01-05 19:28:47.892272+05:30	1	2	CREDIT	10.00000000	USD	Concurrency Test	3
1728	18704077-412a-46e8-a012-d99bb99c7e23	2026-01-05 19:28:47.907734+05:30	2	1	DEBIT	10.00000000	USD	Concurrency Test	3
1729	18704077-412a-46e8-a012-d99bb99c7e23	2026-01-05 19:28:47.907734+05:30	1	2	CREDIT	10.00000000	USD	Concurrency Test	3
1730	c0642c23-55e1-43df-9edd-3b3b71917aaa	2026-01-05 19:28:47.917584+05:30	2	1	DEBIT	10.00000000	USD	Concurrency Test	3
1731	c0642c23-55e1-43df-9edd-3b3b71917aaa	2026-01-05 19:28:47.917584+05:30	1	2	CREDIT	10.00000000	USD	Concurrency Test	3
1732	ed806b0e-077f-45cb-b196-5e24fd9b99f6	2026-01-07 20:00:13.464665+05:30	3	1	DEBIT	20000.00000000	USD	OTP verified transfer	3
1733	ed806b0e-077f-45cb-b196-5e24fd9b99f6	2026-01-07 20:00:13.464665+05:30	1	3	CREDIT	20000.00000000	USD	OTP verified transfer	3
1734	cfb335fd-c6bc-49a3-beef-dc6ef47fcc7b	2026-01-07 20:49:22.184427+05:30	3	1	DEBIT	20000.00000000	USD	OTP verified transfer	3
1735	cfb335fd-c6bc-49a3-beef-dc6ef47fcc7b	2026-01-07 20:49:22.184427+05:30	1	3	CREDIT	20000.00000000	USD	OTP verified transfer	3
1736	22d4bf99-6e08-459f-b228-a7e222d5b24f	2026-01-16 20:02:48.115592+05:30	2	1	DEBIT	20000.00000000	USD	OTP verified transfer	3
1737	22d4bf99-6e08-459f-b228-a7e222d5b24f	2026-01-16 20:02:48.115592+05:30	1	2	CREDIT	20000.00000000	USD	OTP verified transfer	3
1738	69ad148e-f327-4fcc-8e87-7888d519c122	2026-01-17 21:34:23.045433+05:30	2	1	DEBIT	200.00000000	USD	docker	2
1739	69ad148e-f327-4fcc-8e87-7888d519c122	2026-01-17 21:34:23.045433+05:30	1	2	CREDIT	200.00000000	USD	docker	2
1740	45f227f5-e430-41fc-8956-c9f2b6c21e50	2026-01-17 22:21:20.909542+05:30	2	1	DEBIT	200.00000000	USD	via docker 	2
1741	45f227f5-e430-41fc-8956-c9f2b6c21e50	2026-01-17 22:21:20.909687+05:30	1	2	CREDIT	200.00000000	USD	via docker 	2
\.


--
-- Data for Name: pending_transaction; Type: TABLE DATA; Schema: public; Owner: -
--

COPY public.pending_transaction (id, amount, expiry_time, from_account_id, otp, performed_by_user_id, to_account_id, transaction_id, verified) FROM stdin;
1	20000.00000000	2025-12-22 22:15:13.244215+05:30	2	898289	-1	1	20e10d5a-1b7c-4a0e-a2d6-c69497ee20d2	f
2	20000.00000000	2025-12-22 22:15:20.034908+05:30	2	814323	-1	1	028c04f9-abed-44a6-931c-bfd26cb62f60	f
3	20000.00000000	2025-12-23 11:03:46.556617+05:30	2	886537	-1	1	c552ba4c-10bb-4eca-b332-80f9114c952e	f
4	20000.00000000	2025-12-23 11:03:48.467155+05:30	2	560797	-1	1	1640d3dc-d499-4501-97d5-c4637bacc0f6	f
5	20000.00000000	2025-12-24 21:47:24.773086+05:30	2	503775	-1	1	84523511-7229-439b-9231-e8930cb46728	f
6	20000.00000000	2025-12-24 21:48:36.722372+05:30	2	989132	-1	1	0cb795eb-547e-420e-afcc-517c9636d61e	f
7	20000.00000000	2025-12-27 12:05:21.004943+05:30	2	986619	-1	1	5b5a0c94-42e8-4842-a9bd-b4aab1c5621c	f
8	20000.00000000	2025-12-27 12:05:23.29667+05:30	2	907715	-1	1	3c17b6df-2a3c-4569-8fb7-4d5c0e701113	f
9	20000.00000000	2025-12-27 12:05:24.346321+05:30	2	783840	-1	1	b0de12a2-5420-456c-92eb-3c6b7d74962e	f
10	20000.00000000	2025-12-27 13:29:04.442236+05:30	2	312815	-1	1	5e2a3378-39ad-4a27-9d0e-ad5a98d72db1	f
11	20000.00000000	2025-12-27 13:33:33.122401+05:30	2	615186	-1	1	c7bd1952-18be-42f3-b36d-50d1da98d3ff	f
12	20000.00000000	2025-12-27 13:33:34.482346+05:30	2	398331	-1	1	6cc67512-66fc-4dc9-a935-cfbe67347cdf	f
13	15000.00000000	2025-12-27 14:12:29.655916+05:30	2	960888	-1	1	77bfa3db-9dea-4852-8dc2-2ac9fb00174f	f
14	20000.00000000	2025-12-27 14:18:23.894749+05:30	2	900617	-1	1	f7ad4910-ddc9-4186-8b4e-d712f19e047f	f
15	20000.00000000	2025-12-27 15:15:34.442238+05:30	2	412073	-1	1	b90c5bda-6cd3-4eae-b310-34182cdc12bc	f
16	20000.00000000	2025-12-27 15:20:14.152647+05:30	2	263078	-1	1	72e19b04-5465-47ca-bcfa-bdccb5ae04f9	f
17	20000.00000000	2025-12-27 15:24:25.097747+05:30	2	361900	-1	1	89a25af3-574a-447e-878e-53065b92c712	f
18	20000.00000000	2025-12-27 15:40:59.375679+05:30	2	771999	-1	1	7113e8b7-b733-490d-958e-43851867ba18	f
19	20000.00000000	2025-12-27 16:02:34.71662+05:30	2	745236	1	1	f86a264a-b679-442d-8590-fd9b7736858e	f
20	20000.00000000	2025-12-27 16:03:26.410959+05:30	2	955178	1	1	bc9d8b32-6361-4b5d-b140-3e9fbfee84ad	f
21	20000.00000000	2025-12-27 16:03:52.664095+05:30	2	454143	2	1	4ef0238f-eca3-4e3e-92c1-5b5d653e5ac4	f
22	20000.00000000	2025-12-27 16:04:14.810101+05:30	1	770625	2	2	49fb7c93-0ed1-4a06-a7ca-bef354323e83	f
23	30000.00000000	2025-12-27 16:05:37.459716+05:30	2	849032	2	1	4e195d14-a10e-4d64-bcd3-4beaab252eea	f
24	15000.00000000	2025-12-27 16:13:01.429393+05:30	2	833162	1	1	e9e1d47e-eaa1-4357-aaa5-5f3d666f1963	f
25	15000.00000000	2025-12-27 16:14:00.751271+05:30	2	680520	1	1	53d379e3-7a1c-4b32-bca6-964a985b083a	f
26	15000.00000000	2025-12-27 16:20:08.998568+05:30	2	921737	1	1	4133b1d6-18c5-48b5-b1ed-3f430e2f689f	f
27	15000.00000000	2025-12-27 16:24:51.866395+05:30	2	784908	1	1	d2c8e6b6-5d3a-4710-9665-7adee86a09c7	f
28	15000.00000000	2025-12-27 16:25:16.941566+05:30	2	115148	1	1	95550cbe-4fc6-45d6-a290-d9694707f589	f
29	15000.00000000	2025-12-27 16:25:53.65923+05:30	2	972278	1	1	98e5dbef-1f57-4f25-acf4-de3baf0d43ab	f
30	15000.00000000	2025-12-27 16:38:04.896196+05:30	2	642320	1	1	65f39f40-976e-411d-9435-1f596675bf7c	f
31	15000.00000000	2025-12-27 16:38:06.031094+05:30	2	613229	1	1	31c30a57-9f3d-45b4-b16b-2d3bc3b054cf	f
32	15000.00000000	2025-12-27 16:40:23.732139+05:30	2	483309	1	1	a69b15a2-eed3-486f-905c-a1d88c508784	f
33	20000.00000000	2025-12-27 16:41:04.60306+05:30	2	401422	1	1	a08d81b9-30d7-413c-9aa9-a9182d3ef5c3	f
34	20000.00000000	2025-12-27 19:12:25.029547+05:30	2	402247	1	1	aae783cf-f788-4269-ac4e-7e86f54f68c8	f
35	20000.00000000	2025-12-27 19:17:01.834292+05:30	2	320953	1	1	f540415e-8cf3-449f-9e90-70abf2bda5e6	f
36	20000.00000000	2025-12-27 19:17:50.204311+05:30	2	664004	1	1	f6e60f1d-c095-4531-b670-c87ce6147293	f
37	20000.00000000	2025-12-27 19:17:51.76996+05:30	2	426935	1	1	1a8b521a-bc60-4329-87e1-76c871085c2f	f
38	20000.00000000	2025-12-27 19:17:52.968645+05:30	2	211057	1	1	5ed96afe-3b32-4997-ad75-900a8133b9dd	f
39	20000.00000000	2025-12-27 19:17:54.10539+05:30	2	805209	1	1	b40856fe-3661-4bd3-96eb-3b54930df3d3	f
40	20000.00000000	2025-12-27 19:21:12.60609+05:30	1	618390	1	2	39c5d95b-c944-4a49-afc9-d009ae571159	f
41	20000.00000000	2025-12-27 19:25:40.691299+05:30	2	325587	1	1	df895d25-9343-43a6-aab5-1a8c7a840a0d	f
42	20000.00000000	2025-12-27 19:25:58.646918+05:30	2	580525	1	1	76f0903a-62c2-4902-aaf1-d54d1be3374e	f
43	20000.00000000	2025-12-27 19:25:59.875147+05:30	2	503591	1	1	0e7ab1bd-6b49-46af-a10e-e8c8338172da	f
44	20000.00000000	2025-12-27 19:26:36.537383+05:30	2	447039	1	1	c76aa371-aa75-4a85-a508-d18ca7f4b42b	f
45	20000.00000000	2025-12-27 19:27:36.392754+05:30	2	444005	1	1	93329f38-1761-4178-9c71-19de5e2eb522	f
46	20000.00000000	2025-12-27 19:28:06.446332+05:30	2	983799	1	1	215a90bc-a4ae-4e2c-a020-0ec36bdbbac3	f
47	20000.00000000	2025-12-27 19:28:07.606344+05:30	2	579486	1	1	48eb6e5b-2e9d-4ac6-8443-851e613d0e22	f
48	20000.00000000	2025-12-27 19:31:47.727226+05:30	2	175930	1	1	56c804a1-56c7-4162-bb62-fb2bce2668d2	f
49	20000.00000000	2025-12-27 19:33:09.06609+05:30	2	766195	1	1	3d156f10-25c5-44e8-b824-24844d515666	f
50	20000.00000000	2025-12-27 19:41:46.2191+05:30	2	372751	1	1	cd3e12d5-7100-475d-8f72-6104a3079a9b	f
51	20000.00000000	2025-12-27 19:48:36.297015+05:30	2	423014	1	1	6b59341c-9d75-4f09-91b9-e67c287c6a45	f
52	20000.00000000	2025-12-27 19:58:12.640377+05:30	2	425521	1	1	08515d32-f53e-4e25-8795-1f83afd158eb	f
53	20000.00000000	2025-12-27 20:03:12.790365+05:30	2	971219	1	1	87caa5b8-ba9c-4bd7-b95f-bf1723e1d547	f
54	20000.00000000	2025-12-27 20:10:24.029402+05:30	2	488478	1	1	2760ce08-6d98-49fb-bf0c-a30bc27378d4	f
55	20000.00000000	2025-12-27 20:19:38.394092+05:30	2	754461	1	1	0dc0de52-bc0e-41cb-b7ed-97c8c5485e59	t
56	20000.00000000	2025-12-28 20:09:00.57093+05:30	1	820497	1	2	46c8b8e7-d91b-4677-99d5-5e16a744529b	t
57	20000.00000000	2025-12-28 20:11:38.690107+05:30	2	921403	1	1	73e89708-bc0f-4e06-9926-b45fa38294dc	t
58	20000.00000000	2025-12-28 20:25:28.319819+05:30	1	674602	1	2	002e297c-ae25-47c7-856d-9ebad514076d	f
59	20000.00000000	2025-12-28 20:29:20.546452+05:30	1	702973	1	2	ec5467c6-80f7-4a39-a18c-d2fc8996feba	f
60	20000.00000000	2025-12-28 20:34:07.112948+05:30	1	259753	1	2	bc1f94d2-1be7-4955-8ee6-c26e4c22c6f3	f
61	20000.00000000	2025-12-28 20:36:37.399444+05:30	1	502565	1	2	a196ac4a-931b-412e-a00e-847cd11bbd4d	t
62	20000.00000000	2026-01-04 18:46:48.379372+05:30	2	979159	1	1	6337f863-c7bb-4af5-a5c4-f47ebb727f7a	t
63	20000.00000000	2026-01-05 15:49:15.819357+05:30	1	727582	1	2	8558d771-a3e5-4748-abf9-7352aac46154	f
64	20000.00000000	2026-01-05 15:55:57.525574+05:30	1	950490	1	2	8b573fa5-ff3a-4e27-acd8-c0df98932ea2	f
65	20000.00000000	2026-01-05 15:56:04.320649+05:30	1	546197	1	2	6a63ed75-8b22-4606-9af6-1c0a68d79365	f
66	20000.00000000	2026-01-05 15:56:24.454218+05:30	1	557306	1	2	d04f8c57-01b1-42c0-bbff-4b833f893514	f
67	20000.00000000	2026-01-05 15:57:05.450317+05:30	1	609982	1	2	5aa2b3bd-6e1f-4cfa-ae03-95cbbdc4d81a	f
68	20000.00000000	2026-01-05 16:06:12.893304+05:30	3	618947	3	2	75174c89-0238-4a46-8cd0-728fada7989d	t
69	20000.00000000	2026-01-05 19:12:59.943248+05:30	3	473228	3	1	0d1102d7-0925-4d6b-b6cf-c69dab464b8f	t
70	20000.00000000	2026-01-05 19:32:51.397449+05:30	3	913921	3	2	af4bc46f-3a24-4e86-aa3a-e065ed5ec179	t
71	20000.00000000	2026-01-07 20:04:46.382951+05:30	3	487672	3	1	d4aa939c-2ee2-4c59-be05-6db343d6bbdc	t
72	20000.00000000	2026-01-07 20:53:46.170704+05:30	3	359660	3	1	7b993ed5-7a42-46f1-ae6f-de56b2c497ec	t
73	20000.00000000	2026-01-16 20:07:23.233906+05:30	2	302683	3	1	125b6d33-d9d5-4fdc-a55f-adf5edc06dc9	t
74	20000.00000000	2026-01-17 22:26:40.490067+05:30	3	598570	2	2	62887ec1-d099-4598-a378-ec8aba27d0c5	f
75	20000.00000000	2026-01-17 22:27:40.727861+05:30	3	120018	2	1	98933760-7fc4-479c-9dc4-d918c08c3254	f
76	20000.00000000	2026-01-17 22:30:12.937077+05:30	3	888446	2	2	3668c061-b415-4e11-ad25-d1ae6e8fa677	f
\.


--
-- Data for Name: portfolio; Type: TABLE DATA; Schema: public; Owner: -
--

COPY public.portfolio (id, buy_price, quantity, stock_symbol, user_id) FROM stdin;
c4cc3659-c8cb-41ad-a5bf-e6321bfc0c57	120.00	10	AAPL	rushi@gmail.com
a194d5c5-4e65-454a-80f5-cc5029274393	1500.00	5	GOOGL	rushi@gmail.com
6b2c6d84-8072-4963-ad32-5cb2d3bbdbb1	800.00	2	TSLA	rushi@gmail.com
d4ca7d48-d5c3-49b1-a43e-168d58e182f8	120.00	10	AAPL	gangadharirushitha@gmail.com
f5f91d36-6451-48c7-90b7-877755c9e11d	1500.00	5	GOOGL	gangadharirushitha@gmail.com
60c0ec09-5980-4225-8936-3b3f83d6920a	800.00	2	TSLA	gangadharirushitha@gmail.com
dfce8f67-2f6d-4eba-9572-d3702387aab3	150.75	10	AAPL	tarun@gmail.com
643be7df-978c-498f-a8c5-146940e6506d	800.00	10	TSLA	tarun@gmail.com
44fe8037-c616-4acf-85d9-280ae2e73a9d	1500.00	5	GOOGL	tarun@gmail.com
\.


--
-- Data for Name: users; Type: TABLE DATA; Schema: public; Owner: -
--

COPY public.users (id, email, password) FROM stdin;
1	rushi@gmail.com	$2a$10$wprzc5VyyjDTiHWJL6ej1e6JBKKGYjyTZoa3LElmdof88VcyHhFZ.
2	tarun@gmail.com	$2a$10$4svGRFPtMqWC8Uy6S6AoVO1Z8zXXOeVchzOYfoJ3VvUIX1G2zF2W.
3	gangadharirushitha@gmail.com	$2a$10$yBHQ7x3/8xjVpvM68prBNOUPMleBd8iX3ApGF2AysY0oTAGhiwDay
\.


--
-- Name: account_account_id_seq; Type: SEQUENCE SET; Schema: public; Owner: -
--

SELECT pg_catalog.setval('public.account_account_id_seq', 3, true);


--
-- Name: audit_log_id_seq; Type: SEQUENCE SET; Schema: public; Owner: -
--

SELECT pg_catalog.setval('public.audit_log_id_seq', 1, false);


--
-- Name: ledger_entry_ledger_id_seq; Type: SEQUENCE SET; Schema: public; Owner: -
--

SELECT pg_catalog.setval('public.ledger_entry_ledger_id_seq', 1741, true);


--
-- Name: pending_transaction_id_seq; Type: SEQUENCE SET; Schema: public; Owner: -
--

SELECT pg_catalog.setval('public.pending_transaction_id_seq', 76, true);


--
-- Name: users_id_seq; Type: SEQUENCE SET; Schema: public; Owner: -
--

SELECT pg_catalog.setval('public.users_id_seq', 3, true);


--
-- Name: account account_pkey; Type: CONSTRAINT; Schema: public; Owner: -
--

ALTER TABLE ONLY public.account
    ADD CONSTRAINT account_pkey PRIMARY KEY (account_id);


--
-- Name: audit_log audit_log_pkey; Type: CONSTRAINT; Schema: public; Owner: -
--

ALTER TABLE ONLY public.audit_log
    ADD CONSTRAINT audit_log_pkey PRIMARY KEY (id);


--
-- Name: ledger_entry ledger_entry_pkey; Type: CONSTRAINT; Schema: public; Owner: -
--

ALTER TABLE ONLY public.ledger_entry
    ADD CONSTRAINT ledger_entry_pkey PRIMARY KEY (ledger_id);


--
-- Name: pending_transaction pending_transaction_pkey; Type: CONSTRAINT; Schema: public; Owner: -
--

ALTER TABLE ONLY public.pending_transaction
    ADD CONSTRAINT pending_transaction_pkey PRIMARY KEY (id);


--
-- Name: portfolio portfolio_pkey; Type: CONSTRAINT; Schema: public; Owner: -
--

ALTER TABLE ONLY public.portfolio
    ADD CONSTRAINT portfolio_pkey PRIMARY KEY (id);


--
-- Name: pending_transaction uktym86ntcr36vthd8xjylgx0; Type: CONSTRAINT; Schema: public; Owner: -
--

ALTER TABLE ONLY public.pending_transaction
    ADD CONSTRAINT uktym86ntcr36vthd8xjylgx0 UNIQUE (transaction_id);


--
-- Name: users unique_email; Type: CONSTRAINT; Schema: public; Owner: -
--

ALTER TABLE ONLY public.users
    ADD CONSTRAINT unique_email UNIQUE (email);


--
-- Name: users users_pkey; Type: CONSTRAINT; Schema: public; Owner: -
--

ALTER TABLE ONLY public.users
    ADD CONSTRAINT users_pkey PRIMARY KEY (id);


--
-- Name: idx_account_owner; Type: INDEX; Schema: public; Owner: -
--

CREATE INDEX idx_account_owner ON public.account USING btree (owner_user_id);


--
-- Name: idx_ledger_account; Type: INDEX; Schema: public; Owner: -
--

CREATE INDEX idx_ledger_account ON public.ledger_entry USING btree (account_id);


--
-- Name: idx_ledger_transaction; Type: INDEX; Schema: public; Owner: -
--

CREATE INDEX idx_ledger_transaction ON public.ledger_entry USING btree (transaction_id);


--
-- Name: account trg_account_update_ts; Type: TRIGGER; Schema: public; Owner: -
--

CREATE TRIGGER trg_account_update_ts BEFORE UPDATE ON public.account FOR EACH ROW EXECUTE FUNCTION public.account_set_updated_at();


--
-- Name: ledger_entry trg_ledger_no_update; Type: TRIGGER; Schema: public; Owner: -
--

CREATE TRIGGER trg_ledger_no_update BEFORE DELETE OR UPDATE ON public.ledger_entry FOR EACH ROW EXECUTE FUNCTION public.ledger_prevent_update_delete();


--
-- Name: ledger_entry ledger_entry_account_id_fkey; Type: FK CONSTRAINT; Schema: public; Owner: -
--

ALTER TABLE ONLY public.ledger_entry
    ADD CONSTRAINT ledger_entry_account_id_fkey FOREIGN KEY (account_id) REFERENCES public.account(account_id);


--
-- PostgreSQL database dump complete
--

\unrestrict wJBccDZlPlF3aCDVb8a1u377rVEUXBEtMubS4zBIspPCJbBU2qpExbwEXSOd9Zr

